global_id,price,human_price,source,status,date,timestamp
90000001,808061,€ 808.061 k.k.,funda,asking_price,1 januari 2024,2024-01-01T00:00:00+00:00
90000001,778061,€ 778.061 k.k.,funda,asking_price,7 februari 2024,2024-02-07T00:00:00+00:00
90000001,768061,€ 768.061 k.k.,funda,asking_price,17 april 2024,2024-04-17T00:00:00+00:00
90000002,717853,€ 717.853 k.k.,funda,asking_price,19 augustus 2024,2024-08-19T00:00:00+00:00
90000003,788013,€ 788.013 k.k.,funda,asking_price,7 maart 2024,2024-03-07T00:00:00+00:00
90000003,758013,€ 758.013 k.k.,funda,asking_price,4 juni 2024,2024-06-04T00:00:00+00:00
90000004,684342,€ 684.342 k.k.,funda,asking_price,3 juli 2024,2024-07-03T00:00:00+00:00
90000004,654342,€ 654.342 k.k.,funda,asking_price,10 september 2024,2024-09-10T00:00:00+00:00
90000004,644342,€ 644.342 k.k.,funda,asking_price,20 november 2024,2024-11-20T00:00:00+00:00
90000005,758346,€ 758.346 k.k.,funda,asking_price,28 april 2024,2024-04-28T00:00:00+00:00
90000005,748346,€ 748.346 k.k.,funda,asking_price,13 februari 2024,2024-02-13T00:00:00+00:00
90000006,698132,€ 698.132 k.k.,funda,asking_price,21 oktober 2024,2024-10-21T00:00:00+00:00
90000006,678132,€ 678.132 k.k.,funda,asking_price,18 maart 2024,2024-03-18T00:00:00+00:00
90000006,668132,€ 668.132 k.k.,funda,asking_price,8 december 2024,2024-12-08T00:00:00+00:00
90000007,755397,€ 755.397 k.k.,funda,asking_price,11 november 2024,2024-11-11T00:00:00+00:00
90000008,645186,€ 645.186 k.k.,funda,asking_price,23 oktober 2024,2024-10-23T00:00:00+00:00
90000009,715285,€ 715.285 k.k.,funda,asking_price,24 april 2024,2024-04-24T00:00:00+00:00
90000009,695285,€ 695.285 k.k.,funda,asking_price,18 september 2024,2024-09-18T00:00:00+00:00
90000010,679700,€ 679.700 k.k.,funda,asking_price,17 maart 2024,2024-03-17T00:00:00+00:00
90000011,779481,€ 779.481 k.k.,funda,asking_price,13 juli 2024,2024-07-13T00:00:00+00:00
90000011,749481,€ 749.481 k.k.,funda,asking_price,15 oktober 2024,2024-10-15T00:00:00+00:00
90000011,739481,€ 739.481 k.k.,funda,asking_price,9 september 2024,2024-09-09T00:00:00+00:00
90000012,801838,€ 801.838 k.k.,funda,asking_price,14 mei 2024,2024-05-14T00:00:00+00:00
90000012,781838,€ 781.838 k.k.,funda,asking_price,15 maart 2024,2024-03-15T00:00:00+00:00
90000012,771838,€ 771.838 k.k.,funda,asking_price,24 januari 2024,2024-01-24T00:00:00+00:00
90000013,622894,€ 622.894 k.k.,funda,asking_price,12 maart 2024,2024-03-12T00:00:00+00:00
90000013,602894,€ 602.894 k.k.,funda,asking_price,18 maart 2024,2024-03-18T00:00:00+00:00
90000014,610105,€ 610.105 k.k.,funda,asking_price,2 april 2024,2024-04-02T00:00:00+00:00
90000014,580105,€ 580.105 k.k.,funda,asking_price,19 april 2024,2024-04-19T00:00:00+00:00
90000015,775758,€ 775.758 k.k.,funda,asking_price,16 november 2024,2024-11-16T00:00:00+00:00
90000016,746373,€ 746.373 k.k.,funda,asking_price,22 juli 2024,2024-07-22T00:00:00+00:00
90000016,736373,€ 736.373 k.k.,funda,asking_price,12 november 2024,2024-11-12T00:00:00+00:00
90000016,716373,€ 716.373 k.k.,funda,asking_price,17 augustus 2024,2024-08-17T00:00:00+00:00
90000017,729221,€ 729.221 k.k.,funda,asking_price,8 oktober 2024,2024-10-08T00:00:00+00:00
90000018,583234,€ 583.234 k.k.,funda,asking_price,8 september 2024,2024-09-08T00:00:00+00:00
90000019,804622,€ 804.622 k.k.,funda,asking_price,26 augustus 2024,2024-08-26T00:00:00+00:00
90000019,784622,€ 784.622 k.k.,funda,asking_price,7 juli 2024,2024-07-07T00:00:00+00:00
90000019,764622,€ 764.622 k.k.,funda,asking_price,4 februari 2024,2024-02-04T00:00:00+00:00
90000020,629200,€ 629.200 k.k.,funda,asking_price,11 december 2024,2024-12-11T00:00:00+00:00
90000020,599200,€ 599.200 k.k.,funda,asking_price,8 februari 2024,2024-02-08T00:00:00+00:00
90000020,589200,€ 589.200 k.k.,funda,asking_price,7 april 2024,2024-04-07T00:00:00+00:00
90000021,614761,€ 614.761 k.k.,funda,asking_price,14 maart 2024,2024-03-14T00:00:00+00:00
90000021,604761,€ 604.761 k.k.,funda,asking_price,16 augustus 2024,2024-08-16T00:00:00+00:00
90000021,594761,€ 594.761 k.k.,funda,asking_price,28 april 2024,2024-04-28T00:00:00+00:00
90000022,707346,€ 707.346 k.k.,funda,asking_price,23 juli 2024,2024-07-23T00:00:00+00:00
90000022,677346,€ 677.346 k.k.,funda,asking_price,26 december 2024,2024-12-26T00:00:00+00:00
90000023,756828,€ 756.828 k.k.,funda,asking_price,2 januari 2024,2024-01-02T00:00:00+00:00
90000023,736828,€ 736.828 k.k.,funda,asking_price,16 oktober 2024,2024-10-16T00:00:00+00:00
90000023,726828,€ 726.828 k.k.,funda,asking_price,28 september 2024,2024-09-28T00:00:00+00:00
90000024,592962,€ 592.962 k.k.,funda,asking_price,28 november 2024,2024-11-28T00:00:00+00:00
90000025,585418,€ 585.418 k.k.,funda,asking_price,22 juli 2024,2024-07-22T00:00:00+00:00
90000026,697361,€ 697.361 k.k.,funda,asking_price,22 maart 2024,2024-03-22T00:00:00+00:00
90000026,657361,€ 657.361 k.k.,funda,asking_price,10 november 2024,2024-11-10T00:00:00+00:00
90000027,715136,€ 715.136 k.k.,funda,asking_price,9 september 2024,2024-09-09T00:00:00+00:00
90000027,705136,€ 705.136 k.k.,funda,asking_price,12 maart 2024,2024-03-12T00:00:00+00:00
90000027,695136,€ 695.136 k.k.,funda,asking_price,8 februari 2024,2024-02-08T00:00:00+00:00
90000028,684303,€ 684.303 k.k.,funda,asking_price,4 november 2024,2024-11-04T00:00:00+00:00
90000028,664303,€ 664.303 k.k.,funda,asking_price,9 maart 2024,2024-03-09T00:00:00+00:00
90000028,654303,€ 654.303 k.k.,funda,asking_price,4 februari 2024,2024-02-04T00:00:00+00:00
90000029,668371,€ 668.371 k.k.,funda,asking_price,28 mei 2024,2024-05-28T00:00:00+00:00
90000029,658371,€ 658.371 k.k.,funda,asking_price,3 januari 2024,2024-01-03T00:00:00+00:00
90000029,628371,€ 628.371 k.k.,funda,asking_price,14 november 2024,2024-11-14T00:00:00+00:00
90000030,683670,€ 683.670 k.k.,funda,asking_price,3 februari 2024,2024-02-03T00:00:00+00:00
90000030,653670,€ 653.670 k.k.,funda,asking_price,5 december 2024,2024-12-05T00:00:00+00:00
90000030,643670,€ 643.670 k.k.,funda,asking_price,2 september 2024,2024-09-02T00:00:00+00:00
90000031,595965,€ 595.965 k.k.,funda,asking_price,7 juni 2024,2024-06-07T00:00:00+00:00
90000031,585965,€ 585.965 k.k.,funda,asking_price,8 november 2024,2024-11-08T00:00:00+00:00
90000032,737702,€ 737.702 k.k.,funda,asking_price,28 april 2024,2024-04-28T00:00:00+00:00
90000033,621497,€ 621.497 k.k.,funda,asking_price,28 november 2024,2024-11-28T00:00:00+00:00
90000033,611497,€ 611.497 k.k.,funda,asking_price,26 december 2024,2024-12-26T00:00:00+00:00
90000033,581497,€ 581.497 k.k.,funda,asking_price,9 april 2024,2024-04-09T00:00:00+00:00
90000034,698388,€ 698.388 k.k.,funda,asking_price,12 augustus 2024,2024-08-12T00:00:00+00:00
90000035,581203,€ 581.203 k.k.,funda,asking_price,11 juli 2024,2024-07-11T00:00:00+00:00
90000036,707050,€ 707.050 k.k.,funda,asking_price,4 januari 2024,2024-01-04T00:00:00+00:00
90000036,697050,€ 697.050 k.k.,funda,asking_price,6 mei 2024,2024-05-06T00:00:00+00:00
90000036,667050,€ 667.050 k.k.,funda,asking_price,9 oktober 2024,2024-10-09T00:00:00+00:00
90000037,729398,€ 729.398 k.k.,funda,asking_price,7 oktober 2024,2024-10-07T00:00:00+00:00
90000037,699398,€ 699.398 k.k.,funda,asking_price,2 mei 2024,2024-05-02T00:00:00+00:00
90000037,689398,€ 689.398 k.k.,funda,asking_price,14 december 2024,2024-12-14T00:00:00+00:00
90000038,793594,€ 793.594 k.k.,funda,asking_price,3 juli 2024,2024-07-03T00:00:00+00:00
90000038,783594,€ 783.594 k.k.,funda,asking_price,11 november 2024,2024-11-11T00:00:00+00:00
90000038,763594,€ 763.594 k.k.,funda,asking_price,11 oktober 2024,2024-10-11T00:00:00+00:00
90000039,789821,€ 789.821 k.k.,funda,asking_price,10 december 2024,2024-12-10T00:00:00+00:00
90000039,749821,€ 749.821 k.k.,funda,asking_price,5 september 2024,2024-09-05T00:00:00+00:00
90000040,776353,€ 776.353 k.k.,funda,asking_price,27 september 2024,2024-09-27T00:00:00+00:00
90000040,736353,€ 736.353 k.k.,funda,asking_price,10 januari 2024,2024-01-10T00:00:00+00:00
90000041,699475,€ 699.475 k.k.,funda,asking_price,7 november 2024,2024-11-07T00:00:00+00:00
90000041,659475,€ 659.475 k.k.,funda,asking_price,16 september 2024,2024-09-16T00:00:00+00:00
90000042,750921,€ 750.921 k.k.,funda,asking_price,22 april 2024,2024-04-22T00:00:00+00:00
90000042,740921,€ 740.921 k.k.,funda,asking_price,8 mei 2024,2024-05-08T00:00:00+00:00
90000043,775241,€ 775.241 k.k.,funda,asking_price,19 november 2024,2024-11-19T00:00:00+00:00
90000043,735241,€ 735.241 k.k.,funda,asking_price,23 april 2024,2024-04-23T00:00:00+00:00
90000044,596453,€ 596.453 k.k.,funda,asking_price,26 maart 2024,2024-03-26T00:00:00+00:00
90000044,576453,€ 576.453 k.k.,funda,asking_price,17 december 2024,2024-12-17T00:00:00+00:00
90000045,724658,€ 724.658 k.k.,funda,asking_price,20 augustus 2024,2024-08-20T00:00:00+00:00
90000045,694658,€ 694.658 k.k.,funda,asking_price,17 december 2024,2024-12-17T00:00:00+00:00
90000046,799944,€ 799.944 k.k.,funda,asking_price,27 april 2024,2024-04-27T00:00:00+00:00
90000046,769944,€ 769.944 k.k.,funda,asking_price,9 november 2024,2024-11-09T00:00:00+00:00
90000047,762051,€ 762.051 k.k.,funda,asking_price,11 mei 2024,2024-05-11T00:00:00+00:00
90000048,655623,€ 655.623 k.k.,funda,asking_price,14 juli 2024,2024-07-14T00:00:00+00:00
90000048,645623,€ 645.623 k.k.,funda,asking_price,18 juni 2024,2024-06-18T00:00:00+00:00
90000048,635623,€ 635.623 k.k.,funda,asking_price,14 augustus 2024,2024-08-14T00:00:00+00:00
90000049,797327,€ 797.327 k.k.,funda,asking_price,10 juni 2024,2024-06-10T00:00:00+00:00
90000049,767327,€ 767.327 k.k.,funda,asking_price,28 juli 2024,2024-07-28T00:00:00+00:00
90000049,757327,€ 757.327 k.k.,funda,asking_price,18 juli 2024,2024-07-18T00:00:00+00:00
90000050,716936,€ 716.936 k.k.,funda,asking_price,5 augustus 2024,2024-08-05T00:00:00+00:00
90000050,696936,€ 696.936 k.k.,funda,asking_price,18 oktober 2024,2024-10-18T00:00:00+00:00
90000050,676936,€ 676.936 k.k.,funda,asking_price,13 januari 2024,2024-01-13T00:00:00+00:00
90000051,512639,€ 512.639 k.k.,funda,asking_price,7 juni 2024,2024-06-07T00:00:00+00:00
90000051,472639,€ 472.639 k.k.,funda,asking_price,11 augustus 2024,2024-08-11T00:00:00+00:00
90000052,501131,€ 501.131 k.k.,funda,asking_price,18 december 2024,2024-12-18T00:00:00+00:00
90000052,491131,€ 491.131 k.k.,funda,asking_price,12 januari 2024,2024-01-12T00:00:00+00:00
90000053,435553,€ 435.553 k.k.,funda,asking_price,27 april 2024,2024-04-27T00:00:00+00:00
90000054,640494,€ 640.494 k.k.,funda,asking_price,9 december 2024,2024-12-09T00:00:00+00:00
90000054,620494,€ 620.494 k.k.,funda,asking_price,6 juni 2024,2024-06-06T00:00:00+00:00
90000054,600494,€ 600.494 k.k.,funda,asking_price,20 oktober 2024,2024-10-20T00:00:00+00:00
90000055,453337,€ 453.337 k.k.,funda,asking_price,19 mei 2024,2024-05-19T00:00:00+00:00
90000056,606040,€ 606.040 k.k.,funda,asking_price,23 februari 2024,2024-02-23T00:00:00+00:00
90000057,633726,€ 633.726 k.k.,funda,asking_price,18 juni 2024,2024-06-18T00:00:00+00:00
90000058,554451,€ 554.451 k.k.,funda,asking_price,14 februari 2024,2024-02-14T00:00:00+00:00
90000058,514451,€ 514.451 k.k.,funda,asking_price,21 juni 2024,2024-06-21T00:00:00+00:00
90000059,601772,€ 601.772 k.k.,funda,asking_price,14 augustus 2024,2024-08-14T00:00:00+00:00
90000059,561772,€ 561.772 k.k.,funda,asking_price,19 december 2024,2024-12-19T00:00:00+00:00
90000060,498119,€ 498.119 k.k.,funda,asking_price,19 augustus 2024,2024-08-19T00:00:00+00:00
90000061,582808,€ 582.808 k.k.,funda,asking_price,9 juni 2024,2024-06-09T00:00:00+00:00
90000061,552808,€ 552.808 k.k.,funda,asking_price,23 oktober 2024,2024-10-23T00:00:00+00:00
90000062,487442,€ 487.442 k.k.,funda,asking_price,16 december 2024,2024-12-16T00:00:00+00:00
90000062,467442,€ 467.442 k.k.,funda,asking_price,23 november 2024,2024-11-23T00:00:00+00:00
90000062,447442,€ 447.442 k.k.,funda,asking_price,15 augustus 2024,2024-08-15T00:00:00+00:00
90000063,545270,€ 545.270 k.k.,funda,asking_price,17 september 2024,2024-09-17T00:00:00+00:00
90000063,535270,€ 535.270 k.k.,funda,asking_price,14 juni 2024,2024-06-14T00:00:00+00:00
90000063,505270,€ 505.270 k.k.,funda,asking_price,18 december 2024,2024-12-18T00:00:00+00:00
90000064,515434,€ 515.434 k.k.,funda,asking_price,24 februari 2024,2024-02-24T00:00:00+00:00
90000064,505434,€ 505.434 k.k.,funda,asking_price,25 september 2024,2024-09-25T00:00:00+00:00
90000064,485434,€ 485.434 k.k.,funda,asking_price,6 december 2024,2024-12-06T00:00:00+00:00
90000065,654283,€ 654.283 k.k.,funda,asking_price,10 april 2024,2024-04-10T00:00:00+00:00
90000065,634283,€ 634.283 k.k.,funda,asking_price,12 april 2024,2024-04-12T00:00:00+00:00
90000065,624283,€ 624.283 k.k.,funda,asking_price,10 maart 2024,2024-03-10T00:00:00+00:00
90000066,459293,€ 459.293 k.k.,funda,asking_price,28 november 2024,2024-11-28T00:00:00+00:00
90000066,439293,€ 439.293 k.k.,funda,asking_price,4 augustus 2024,2024-08-04T00:00:00+00:00
90000067,514314,€ 514.314 k.k.,funda,asking_price,28 mei 2024,2024-05-28T00:00:00+00:00
90000068,596262,€ 596.262 k.k.,funda,asking_price,26 maart 2024,2024-03-26T00:00:00+00:00
90000068,586262,€ 586.262 k.k.,funda,asking_price,10 oktober 2024,2024-10-10T00:00:00+00:00
90000068,576262,€ 576.262 k.k.,funda,asking_price,8 februari 2024,2024-02-08T00:00:00+00:00
90000069,632287,€ 632.287 k.k.,funda,asking_price,13 september 2024,2024-09-13T00:00:00+00:00
90000070,557415,€ 557.415 k.k.,funda,asking_price,7 november 2024,2024-11-07T00:00:00+00:00
90000070,547415,€ 547.415 k.k.,funda,asking_price,22 mei 2024,2024-05-22T00:00:00+00:00
90000070,537415,€ 537.415 k.k.,funda,asking_price,6 februari 2024,2024-02-06T00:00:00+00:00
90000071,583096,€ 583.096 k.k.,funda,asking_price,8 januari 2024,2024-01-08T00:00:00+00:00
90000071,573096,€ 573.096 k.k.,funda,asking_price,23 mei 2024,2024-05-23T00:00:00+00:00
90000071,543096,€ 543.096 k.k.,funda,asking_price,23 mei 2024,2024-05-23T00:00:00+00:00
90000072,579609,€ 579.609 k.k.,funda,asking_price,4 juli 2024,2024-07-04T00:00:00+00:00
90000073,443719,€ 443.719 k.k.,funda,asking_price,20 mei 2024,2024-05-20T00:00:00+00:00
90000074,570515,€ 570.515 k.k.,funda,asking_price,2 oktober 2024,2024-10-02T00:00:00+00:00
90000074,540515,€ 540.515 k.k.,funda,asking_price,24 juli 2024,2024-07-24T00:00:00+00:00
90000074,530515,€ 530.515 k.k.,funda,asking_price,20 juni 2024,2024-06-20T00:00:00+00:00
90000075,608910,€ 608.910 k.k.,funda,asking_price,16 maart 2024,2024-03-16T00:00:00+00:00
90000075,588910,€ 588.910 k.k.,funda,asking_price,21 september 2024,2024-09-21T00:00:00+00:00
90000075,578910,€ 578.910 k.k.,funda,asking_price,9 augustus 2024,2024-08-09T00:00:00+00:00
90000076,488918,€ 488.918 k.k.,funda,asking_price,11 juni 2024,2024-06-11T00:00:00+00:00
90000076,448918,€ 448.918 k.k.,funda,asking_price,4 november 2024,2024-11-04T00:00:00+00:00
90000077,529976,€ 529.976 k.k.,funda,asking_price,3 augustus 2024,2024-08-03T00:00:00+00:00
90000078,599898,€ 599.898 k.k.,funda,asking_price,17 april 2024,2024-04-17T00:00:00+00:00
90000078,569898,€ 569.898 k.k.,funda,asking_price,20 juni 2024,2024-06-20T00:00:00+00:00
90000078,559898,€ 559.898 k.k.,funda,asking_price,21 augustus 2024,2024-08-21T00:00:00+00:00
90000079,499344,€ 499.344 k.k.,funda,asking_price,1 februari 2024,2024-02-01T00:00:00+00:00
90000079,459344,€ 459.344 k.k.,funda,asking_price,20 november 2024,2024-11-20T00:00:00+00:00
90000080,569769,€ 569.769 k.k.,funda,asking_price,27 april 2024,2024-04-27T00:00:00+00:00
90000081,585646,€ 585.646 k.k.,funda,asking_price,27 juli 2024,2024-07-27T00:00:00+00:00
90000081,555646,€ 555.646 k.k.,funda,asking_price,16 augustus 2024,2024-08-16T00:00:00+00:00
90000082,558232,€ 558.232 k.k.,funda,asking_price,9 februari 2024,2024-02-09T00:00:00+00:00
90000083,539144,€ 539.144 k.k.,funda,asking_price,15 maart 2024,2024-03-15T00:00:00+00:00
90000083,499144,€ 499.144 k.k.,funda,asking_price,16 september 2024,2024-09-16T00:00:00+00:00
90000084,549352,€ 549.352 k.k.,funda,asking_price,28 april 2024,2024-04-28T00:00:00+00:00
90000084,529352,€ 529.352 k.k.,funda,asking_price,2 juli 2024,2024-07-02T00:00:00+00:00
90000084,509352,€ 509.352 k.k.,funda,asking_price,24 juni 2024,2024-06-24T00:00:00+00:00
90000085,598982,€ 598.982 k.k.,funda,asking_price,2 augustus 2024,2024-08-02T00:00:00+00:00
90000086,646522,€ 646.522 k.k.,funda,asking_price,15 september 2024,2024-09-15T00:00:00+00:00
90000087,495464,€ 495.464 k.k.,funda,asking_price,20 juni 2024,2024-06-20T00:00:00+00:00
90000087,465464,€ 465.464 k.k.,funda,asking_price,13 december 2024,2024-12-13T00:00:00+00:00
90000088,564617,€ 564.617 k.k.,funda,asking_price,3 oktober 2024,2024-10-03T00:00:00+00:00
90000088,534617,€ 534.617 k.k.,funda,asking_price,21 april 2024,2024-04-21T00:00:00+00:00
90000088,524617,€ 524.617 k.k.,funda,asking_price,10 november 2024,2024-11-10T00:00:00+00:00
90000089,664326,€ 664.326 k.k.,funda,asking_price,23 maart 2024,2024-03-23T00:00:00+00:00
90000089,634326,€ 634.326 k.k.,funda,asking_price,1 mei 2024,2024-05-01T00:00:00+00:00
90000089,624326,€ 624.326 k.k.,funda,asking_price,11 januari 2024,2024-01-11T00:00:00+00:00
90000090,584242,€ 584.242 k.k.,funda,asking_price,28 oktober 2024,2024-10-28T00:00:00+00:00
90000090,574242,€ 574.242 k.k.,funda,asking_price,20 juli 2024,2024-07-20T00:00:00+00:00
90000090,564242,€ 564.242 k.k.,funda,asking_price,8 november 2024,2024-11-08T00:00:00+00:00
90000091,622222,€ 622.222 k.k.,funda,asking_price,1 november 2024,2024-11-01T00:00:00+00:00
90000091,592222,€ 592.222 k.k.,funda,asking_price,10 augustus 2024,2024-08-10T00:00:00+00:00
90000092,632493,€ 632.493 k.k.,funda,asking_price,7 mei 2024,2024-05-07T00:00:00+00:00
90000092,622493,€ 622.493 k.k.,funda,asking_price,28 juli 2024,2024-07-28T00:00:00+00:00
90000092,592493,€ 592.493 k.k.,funda,asking_price,4 augustus 2024,2024-08-04T00:00:00+00:00
90000093,542392,€ 542.392 k.k.,funda,asking_price,19 januari 2024,2024-01-19T00:00:00+00:00
90000093,532392,€ 532.392 k.k.,funda,asking_price,25 november 2024,2024-11-25T00:00:00+00:00
90000093,502392,€ 502.392 k.k.,funda,asking_price,2 december 2024,2024-12-02T00:00:00+00:00
90000094,584138,€ 584.138 k.k.,funda,asking_price,7 november 2024,2024-11-07T00:00:00+00:00
90000095,633482,€ 633.482 k.k.,funda,asking_price,2 augustus 2024,2024-08-02T00:00:00+00:00
90000095,613482,€ 613.482 k.k.,funda,asking_price,12 oktober 2024,2024-10-12T00:00:00+00:00
90000095,603482,€ 603.482 k.k.,funda,asking_price,5 december 2024,2024-12-05T00:00:00+00:00
90000096,471042,€ 471.042 k.k.,funda,asking_price,12 september 2024,2024-09-12T00:00:00+00:00
90000097,522363,€ 522.363 k.k.,funda,asking_price,15 februari 2024,2024-02-15T00:00:00+00:00
90000097,492363,€ 492.363 k.k.,funda,asking_price,5 februari 2024,2024-02-05T00:00:00+00:00
90000098,656706,€ 656.706 k.k.,funda,asking_price,1 juli 2024,2024-07-01T00:00:00+00:00
90000098,646706,€ 646.706 k.k.,funda,asking_price,18 mei 2024,2024-05-18T00:00:00+00:00
90000099,608238,€ 608.238 k.k.,funda,asking_price,8 november 2024,2024-11-08T00:00:00+00:00
90000099,588238,€ 588.238 k.k.,funda,asking_price,1 augustus 2024,2024-08-01T00:00:00+00:00
90000099,578238,€ 578.238 k.k.,funda,asking_price,18 oktober 2024,2024-10-18T00:00:00+00:00
90000100,631567,€ 631.567 k.k.,funda,asking_price,5 februari 2024,2024-02-05T00:00:00+00:00
90000100,621567,€ 621.567 k.k.,funda,asking_price,2 januari 2024,2024-01-02T00:00:00+00:00
90000100,591567,€ 591.567 k.k.,funda,asking_price,16 mei 2024,2024-05-16T00:00:00+00:00
90000101,487258,€ 487.258 k.k.,funda,asking_price,21 juli 2024,2024-07-21T00:00:00+00:00
90000101,467258,€ 467.258 k.k.,funda,asking_price,27 februari 2024,2024-02-27T00:00:00+00:00
90000101,447258,€ 447.258 k.k.,funda,asking_price,20 augustus 2024,2024-08-20T00:00:00+00:00
90000102,487132,€ 487.132 k.k.,funda,asking_price,28 april 2024,2024-04-28T00:00:00+00:00
90000102,447132,€ 447.132 k.k.,funda,asking_price,4 juni 2024,2024-06-04T00:00:00+00:00
90000103,385872,€ 385.872 k.k.,funda,asking_price,28 februari 2024,2024-02-28T00:00:00+00:00
90000103,365872,€ 365.872 k.k.,funda,asking_price,3 augustus 2024,2024-08-03T00:00:00+00:00
90000104,363258,€ 363.258 k.k.,funda,asking_price,26 maart 2024,2024-03-26T00:00:00+00:00
90000105,426610,€ 426.610 k.k.,funda,asking_price,1 oktober 2024,2024-10-01T00:00:00+00:00
90000105,406610,€ 406.610 k.k.,funda,asking_price,28 mei 2024,2024-05-28T00:00:00+00:00
90000106,378816,€ 378.816 k.k.,funda,asking_price,1 maart 2024,2024-03-01T00:00:00+00:00
90000107,364136,€ 364.136 k.k.,funda,asking_price,24 maart 2024,2024-03-24T00:00:00+00:00
90000107,354136,€ 354.136 k.k.,funda,asking_price,17 juli 2024,2024-07-17T00:00:00+00:00
90000108,484542,€ 484.542 k.k.,funda,asking_price,17 augustus 2024,2024-08-17T00:00:00+00:00
90000109,496695,€ 496.695 k.k.,funda,asking_price,16 januari 2024,2024-01-16T00:00:00+00:00
90000109,486695,€ 486.695 k.k.,funda,asking_price,14 juli 2024,2024-07-14T00:00:00+00:00
90000110,434439,€ 434.439 k.k.,funda,asking_price,5 februari 2024,2024-02-05T00:00:00+00:00
90000111,475245,€ 475.245 k.k.,funda,asking_price,20 september 2024,2024-09-20T00:00:00+00:00
90000111,465245,€ 465.245 k.k.,funda,asking_price,4 juli 2024,2024-07-04T00:00:00+00:00
90000111,435245,€ 435.245 k.k.,funda,asking_price,4 december 2024,2024-12-04T00:00:00+00:00
90000112,484524,€ 484.524 k.k.,funda,asking_price,11 juli 2024,2024-07-11T00:00:00+00:00
90000112,464524,€ 464.524 k.k.,funda,asking_price,9 november 2024,2024-11-09T00:00:00+00:00
90000112,454524,€ 454.524 k.k.,funda,asking_price,5 juni 2024,2024-06-05T00:00:00+00:00
90000113,405313,€ 405.313 k.k.,funda,asking_price,2 september 2024,2024-09-02T00:00:00+00:00
90000113,395313,€ 395.313 k.k.,funda,asking_price,18 oktober 2024,2024-10-18T00:00:00+00:00
90000113,375313,€ 375.313 k.k.,funda,asking_price,11 september 2024,2024-09-11T00:00:00+00:00
90000114,569021,€ 569.021 k.k.,funda,asking_price,4 juni 2024,2024-06-04T00:00:00+00:00
90000114,539021,€ 539.021 k.k.,funda,asking_price,17 oktober 2024,2024-10-17T00:00:00+00:00
90000115,451780,€ 451.780 k.k.,funda,asking_price,19 mei 2024,2024-05-19T00:00:00+00:00
90000115,441780,€ 441.780 k.k.,funda,asking_price,26 april 2024,2024-04-26T00:00:00+00:00
90000116,540844,€ 540.844 k.k.,funda,asking_price,6 januari 2024,2024-01-06T00:00:00+00:00
90000116,520844,€ 520.844 k.k.,funda,asking_price,23 mei 2024,2024-05-23T00:00:00+00:00
90000116,510844,€ 510.844 k.k.,funda,asking_price,11 mei 2024,2024-05-11T00:00:00+00:00
90000117,388241,€ 388.241 k.k.,funda,asking_price,14 juli 2024,2024-07-14T00:00:00+00:00
90000117,378241,€ 378.241 k.k.,funda,asking_price,11 augustus 2024,2024-08-11T00:00:00+00:00
90000117,368241,€ 368.241 k.k.,funda,asking_price,12 maart 2024,2024-03-12T00:00:00+00:00
90000118,506296,€ 506.296 k.k.,funda,asking_price,6 maart 2024,2024-03-06T00:00:00+00:00
90000119,501152,€ 501.152 k.k.,funda,asking_price,25 april 2024,2024-04-25T00:00:00+00:00
90000119,491152,€ 491.152 k.k.,funda,asking_price,4 september 2024,2024-09-04T00:00:00+00:00
90000119,461152,€ 461.152 k.k.,funda,asking_price,14 juni 2024,2024-06-14T00:00:00+00:00
90000120,524884,€ 524.884 k.k.,funda,asking_price,13 april 2024,2024-04-13T00:00:00+00:00
90000121,580320,€ 580.320 k.k.,funda,asking_price,1 februari 2024,2024-02-01T00:00:00+00:00
90000121,550320,€ 550.320 k.k.,funda,asking_price,24 augustus 2024,2024-08-24T00:00:00+00:00
90000122,511140,€ 511.140 k.k.,funda,asking_price,28 juli 2024,2024-07-28T00:00:00+00:00
90000122,491140,€ 491.140 k.k.,funda,asking_price,2 december 2024,2024-12-02T00:00:00+00:00
90000122,481140,€ 481.140 k.k.,funda,asking_price,1 juli 2024,2024-07-01T00:00:00+00:00
90000123,502534,€ 502.534 k.k.,funda,asking_price,4 mei 2024,2024-05-04T00:00:00+00:00
90000123,462534,€ 462.534 k.k.,funda,asking_price,1 juli 2024,2024-07-01T00:00:00+00:00
90000124,454857,€ 454.857 k.k.,funda,asking_price,14 april 2024,2024-04-14T00:00:00+00:00
90000124,444857,€ 444.857 k.k.,funda,asking_price,13 oktober 2024,2024-10-13T00:00:00+00:00
90000125,437311,€ 437.311 k.k.,funda,asking_price,21 september 2024,2024-09-21T00:00:00+00:00
90000126,462038,€ 462.038 k.k.,funda,asking_price,9 maart 2024,2024-03-09T00:00:00+00:00
90000126,452038,€ 452.038 k.k.,funda,asking_price,6 april 2024,2024-04-06T00:00:00+00:00
90000126,442038,€ 442.038 k.k.,funda,asking_price,5 oktober 2024,2024-10-05T00:00:00+00:00
90000127,587773,€ 587.773 k.k.,funda,asking_price,11 november 2024,2024-11-11T00:00:00+00:00
90000127,577773,€ 577.773 k.k.,funda,asking_price,15 maart 2024,2024-03-15T00:00:00+00:00
90000127,547773,€ 547.773 k.k.,funda,asking_price,16 februari 2024,2024-02-16T00:00:00+00:00
90000128,394725,€ 394.725 k.k.,funda,asking_price,15 augustus 2024,2024-08-15T00:00:00+00:00
90000128,374725,€ 374.725 k.k.,funda,asking_price,2 januari 2024,2024-01-02T00:00:00+00:00
90000128,364725,€ 364.725 k.k.,funda,asking_price,27 juni 2024,2024-06-27T00:00:00+00:00
90000129,492924,€ 492.924 k.k.,funda,asking_price,26 augustus 2024,2024-08-26T00:00:00+00:00
90000129,482924,€ 482.924 k.k.,funda,asking_price,21 oktober 2024,2024-10-21T00:00:00+00:00
90000130,478101,€ 478.101 k.k.,funda,asking_price,21 september 2024,2024-09-21T00:00:00+00:00
90000130,468101,€ 468.101 k.k.,funda,asking_price,2 maart 2024,2024-03-02T00:00:00+00:00
90000131,487035,€ 487.035 k.k.,funda,asking_price,12 juni 2024,2024-06-12T00:00:00+00:00
90000132,393727,€ 393.727 k.k.,funda,asking_price,4 juni 2024,2024-06-04T00:00:00+00:00
90000132,373727,€ 373.727 k.k.,funda,asking_price,22 september 2024,2024-09-22T00:00:00+00:00
90000132,363727,€ 363.727 k.k.,funda,asking_price,10 juli 2024,2024-07-10T00:00:00+00:00
90000133,389419,€ 389.419 k.k.,funda,asking_price,22 oktober 2024,2024-10-22T00:00:00+00:00
90000134,553102,€ 553.102 k.k.,funda,asking_price,23 oktober 2024,2024-10-23T00:00:00+00:00
90000134,533102,€ 533.102 k.k.,funda,asking_price,10 februari 2024,2024-02-10T00:00:00+00:00
90000135,565666,€ 565.666 k.k.,funda,asking_price,12 september 2024,2024-09-12T00:00:00+00:00
90000135,535666,€ 535.666 k.k.,funda,asking_price,12 januari 2024,2024-01-12T00:00:00+00:00
90000135,525666,€ 525.666 k.k.,funda,asking_price,6 mei 2024,2024-05-06T00:00:00+00:00
90000136,386061,€ 386.061 k.k.,funda,asking_price,28 mei 2024,2024-05-28T00:00:00+00:00
90000137,518027,€ 518.027 k.k.,funda,asking_price,13 oktober 2024,2024-10-13T00:00:00+00:00
90000137,508027,€ 508.027 k.k.,funda,asking_price,6 maart 2024,2024-03-06T00:00:00+00:00
90000137,488027,€ 488.027 k.k.,funda,asking_price,27 maart 2024,2024-03-27T00:00:00+00:00
90000138,527304,€ 527.304 k.k.,funda,asking_price,20 augustus 2024,2024-08-20T00:00:00+00:00
90000139,529987,€ 529.987 k.k.,funda,asking_price,12 april 2024,2024-04-12T00:00:00+00:00
90000139,489987,€ 489.987 k.k.,funda,asking_price,19 november 2024,2024-11-19T00:00:00+00:00
90000140,488270,€ 488.270 k.k.,funda,asking_price,26 april 2024,2024-04-26T00:00:00+00:00
90000141,447311,€ 447.311 k.k.,funda,asking_price,28 december 2024,2024-12-28T00:00:00+00:00
90000142,461510,€ 461.510 k.k.,funda,asking_price,8 februari 2024,2024-02-08T00:00:00+00:00
90000142,441510,€ 441.510 k.k.,funda,asking_price,12 augustus 2024,2024-08-12T00:00:00+00:00
90000142,421510,€ 421.510 k.k.,funda,asking_price,14 januari 2024,2024-01-14T00:00:00+00:00
90000143,448281,€ 448.281 k.k.,funda,asking_price,4 juni 2024,2024-06-04T00:00:00+00:00
90000144,607517,€ 607.517 k.k.,funda,asking_price,20 augustus 2024,2024-08-20T00:00:00+00:00
90000144,587517,€ 587.517 k.k.,funda,asking_price,3 januari 2024,2024-01-03T00:00:00+00:00
90000144,567517,€ 567.517 k.k.,funda,asking_price,9 januari 2024,2024-01-09T00:00:00+00:00
90000145,519614,€ 519.614 k.k.,funda,asking_price,8 mei 2024,2024-05-08T00:00:00+00:00
90000145,509614,€ 509.614 k.k.,funda,asking_price,4 mei 2024,2024-05-04T00:00:00+00:00
90000146,376464,€ 376.464 k.k.,funda,asking_price,17 november 2024,2024-11-17T00:00:00+00:00
90000146,366464,€ 366.464 k.k.,funda,asking_price,8 oktober 2024,2024-10-08T00:00:00+00:00
90000147,499596,€ 499.596 k.k.,funda,asking_price,22 november 2024,2024-11-22T00:00:00+00:00
90000148,532627,€ 532.627 k.k.,funda,asking_price,2 augustus 2024,2024-08-02T00:00:00+00:00
90000148,502627,€ 502.627 k.k.,funda,asking_price,13 november 2024,2024-11-13T00:00:00+00:00
90000148,492627,€ 492.627 k.k.,funda,asking_price,9 juni 2024,2024-06-09T00:00:00+00:00
90000149,522255,€ 522.255 k.k.,funda,asking_price,24 oktober 2024,2024-10-24T00:00:00+00:00
90000150,435898,€ 435.898 k.k.,funda,asking_price,6 november 2024,2024-11-06T00:00:00+00:00
90000150,395898,€ 395.898 k.k.,funda,asking_price,3 maart 2024,2024-03-03T00:00:00+00:00
90000151,375985,€ 375.985 k.k.,funda,asking_price,16 september 2024,2024-09-16T00:00:00+00:00
90000151,335985,€ 335.985 k.k.,funda,asking_price,2 mei 2024,2024-05-02T00:00:00+00:00
90000152,412012,€ 412.012 k.k.,funda,asking_price,14 juni 2024,2024-06-14T00:00:00+00:00
90000153,453876,€ 453.876 k.k.,funda,asking_price,26 juni 2024,2024-06-26T00:00:00+00:00
90000153,413876,€ 413.876 k.k.,funda,asking_price,9 september 2024,2024-09-09T00:00:00+00:00
90000154,570571,€ 570.571 k.k.,funda,asking_price,11 februari 2024,2024-02-11T00:00:00+00:00
90000154,550571,€ 550.571 k.k.,funda,asking_price,10 november 2024,2024-11-10T00:00:00+00:00
90000154,540571,€ 540.571 k.k.,funda,asking_price,15 mei 2024,2024-05-15T00:00:00+00:00
90000155,555530,€ 555.530 k.k.,funda,asking_price,26 november 2024,2024-11-26T00:00:00+00:00
90000155,545530,€ 545.530 k.k.,funda,asking_price,3 januari 2024,2024-01-03T00:00:00+00:00
90000155,515530,€ 515.530 k.k.,funda,asking_price,21 november 2024,2024-11-21T00:00:00+00:00
90000156,373163,€ 373.163 k.k.,funda,asking_price,3 maart 2024,2024-03-03T00:00:00+00:00
90000156,343163,€ 343.163 k.k.,funda,asking_price,25 april 2024,2024-04-25T00:00:00+00:00
90000156,333163,€ 333.163 k.k.,funda,asking_price,12 november 2024,2024-11-12T00:00:00+00:00
90000157,533012,€ 533.012 k.k.,funda,asking_price,25 augustus 2024,2024-08-25T00:00:00+00:00
90000157,503012,€ 503.012 k.k.,funda,asking_price,19 februari 2024,2024-02-19T00:00:00+00:00
90000158,398056,€ 398.056 k.k.,funda,asking_price,24 januari 2024,2024-01-24T00:00:00+00:00
90000159,433623,€ 433.623 k.k.,funda,asking_price,10 oktober 2024,2024-10-10T00:00:00+00:00
90000159,413623,€ 413.623 k.k.,funda,asking_price,16 december 2024,2024-12-16T00:00:00+00:00
90000159,393623,€ 393.623 k.k.,funda,asking_price,4 april 2024,2024-04-04T00:00:00+00:00
90000160,471683,€ 471.683 k.k.,funda,asking_price,18 september 2024,2024-09-18T00:00:00+00:00
90000160,451683,€ 451.683 k.k.,funda,asking_price,10 mei 2024,2024-05-10T00:00:00+00:00
90000160,441683,€ 441.683 k.k.,funda,asking_price,23 maart 2024,2024-03-23T00:00:00+00:00
90000161,377685,€ 377.685 k.k.,funda,asking_price,1 augustus 2024,2024-08-01T00:00:00+00:00
90000162,359018,€ 359.018 k.k.,funda,asking_price,10 februari 2024,2024-02-10T00:00:00+00:00
90000163,452687,€ 452.687 k.k.,funda,asking_price,21 juni 2024,2024-06-21T00:00:00+00:00
90000163,442687,€ 442.687 k.k.,funda,asking_price,15 februari 2024,2024-02-15T00:00:00+00:00
90000163,432687,€ 432.687 k.k.,funda,asking_price,22 augustus 2024,2024-08-22T00:00:00+00:00
90000164,479084,€ 479.084 k.k.,funda,asking_price,17 juli 2024,2024-07-17T00:00:00+00:00
90000165,388163,€ 388.163 k.k.,funda,asking_price,17 juni 2024,2024-06-17T00:00:00+00:00
90000165,368163,€ 368.163 k.k.,funda,asking_price,28 mei 2024,2024-05-28T00:00:00+00:00
90000166,367812,€ 367.812 k.k.,funda,asking_price,21 september 2024,2024-09-21T00:00:00+00:00
90000166,357812,€ 357.812 k.k.,funda,asking_price,19 maart 2024,2024-03-19T00:00:00+00:00
90000167,413504,€ 413.504 k.k.,funda,asking_price,3 januari 2024,2024-01-03T00:00:00+00:00
90000168,535689,€ 535.689 k.k.,funda,asking_price,21 augustus 2024,2024-08-21T00:00:00+00:00
90000168,505689,€ 505.689 k.k.,funda,asking_price,10 september 2024,2024-09-10T00:00:00+00:00
90000168,495689,€ 495.689 k.k.,funda,asking_price,10 november 2024,2024-11-10T00:00:00+00:00
90000169,463893,€ 463.893 k.k.,funda,asking_price,14 augustus 2024,2024-08-14T00:00:00+00:00
90000169,453893,€ 453.893 k.k.,funda,asking_price,15 augustus 2024,2024-08-15T00:00:00+00:00
90000169,443893,€ 443.893 k.k.,funda,asking_price,11 april 2024,2024-04-11T00:00:00+00:00
90000170,439521,€ 439.521 k.k.,funda,asking_price,8 juni 2024,2024-06-08T00:00:00+00:00
90000170,429521,€ 429.521 k.k.,funda,asking_price,4 augustus 2024,2024-08-04T00:00:00+00:00
90000171,445702,€ 445.702 k.k.,funda,asking_price,27 maart 2024,2024-03-27T00:00:00+00:00
90000171,425702,€ 425.702 k.k.,funda,asking_price,19 juni 2024,2024-06-19T00:00:00+00:00
90000172,487372,€ 487.372 k.k.,funda,asking_price,3 januari 2024,2024-01-03T00:00:00+00:00
90000172,447372,€ 447.372 k.k.,funda,asking_price,17 juli 2024,2024-07-17T00:00:00+00:00
90000173,377755,€ 377.755 k.k.,funda,asking_price,27 oktober 2024,2024-10-27T00:00:00+00:00
90000173,337755,€ 337.755 k.k.,funda,asking_price,22 november 2024,2024-11-22T00:00:00+00:00
90000174,400110,€ 400.110 k.k.,funda,asking_price,2 juni 2024,2024-06-02T00:00:00+00:00
90000174,390110,€ 390.110 k.k.,funda,asking_price,2 juli 2024,2024-07-02T00:00:00+00:00
90000174,360110,€ 360.110 k.k.,funda,asking_price,18 oktober 2024,2024-10-18T00:00:00+00:00
90000175,453057,€ 453.057 k.k.,funda,asking_price,4 maart 2024,2024-03-04T00:00:00+00:00
90000175,443057,€ 443.057 k.k.,funda,asking_price,12 juli 2024,2024-07-12T00:00:00+00:00
90000176,417181,€ 417.181 k.k.,funda,asking_price,2 januari 2024,2024-01-02T00:00:00+00:00
90000176,387181,€ 387.181 k.k.,funda,asking_price,23 maart 2024,2024-03-23T00:00:00+00:00
90000176,377181,€ 377.181 k.k.,funda,asking_price,26 juni 2024,2024-06-26T00:00:00+00:00
90000177,391642,€ 391.642 k.k.,funda,asking_price,20 juli 2024,2024-07-20T00:00:00+00:00
90000177,381642,€ 381.642 k.k.,funda,asking_price,27 december 2024,2024-12-27T00:00:00+00:00
90000177,361642,€ 361.642 k.k.,funda,asking_price,19 mei 2024,2024-05-19T00:00:00+00:00
90000178,550791,€ 550.791 k.k.,funda,asking_price,12 januari 2024,2024-01-12T00:00:00+00:00
90000178,510791,€ 510.791 k.k.,funda,asking_price,22 juni 2024,2024-06-22T00:00:00+00:00
90000179,505366,€ 505.366 k.k.,funda,asking_price,16 oktober 2024,2024-10-16T00:00:00+00:00
90000180,516423,€ 516.423 k.k.,funda,asking_price,17 maart 2024,2024-03-17T00:00:00+00:00
90000180,486423,€ 486.423 k.k.,funda,asking_price,24 november 2024,2024-11-24T00:00:00+00:00
90000180,476423,€ 476.423 k.k.,funda,asking_price,25 oktober 2024,2024-10-25T00:00:00+00:00
90000181,508637,€ 508.637 k.k.,funda,asking_price,15 januari 2024,2024-01-15T00:00:00+00:00
90000182,466548,€ 466.548 k.k.,funda,asking_price,5 december 2024,2024-12-05T00:00:00+00:00
90000182,456548,€ 456.548 k.k.,funda,asking_price,7 september 2024,2024-09-07T00:00:00+00:00
90000183,437248,€ 437.248 k.k.,funda,asking_price,12 september 2024,2024-09-12T00:00:00+00:00
90000183,407248,€ 407.248 k.k.,funda,asking_price,25 november 2024,2024-11-25T00:00:00+00:00
90000184,418139,€ 418.139 k.k.,funda,asking_price,25 mei 2024,2024-05-25T00:00:00+00:00
90000184,398139,€ 398.139 k.k.,funda,asking_price,23 mei 2024,2024-05-23T00:00:00+00:00
90000185,446436,€ 446.436 k.k.,funda,asking_price,22 oktober 2024,2024-10-22T00:00:00+00:00
90000185,426436,€ 426.436 k.k.,funda,asking_price,13 september 2024,2024-09-13T00:00:00+00:00
90000185,416436,€ 416.436 k.k.,funda,asking_price,27 juli 2024,2024-07-27T00:00:00+00:00
90000186,366027,€ 366.027 k.k.,funda,asking_price,21 augustus 2024,2024-08-21T00:00:00+00:00
90000186,346027,€ 346.027 k.k.,funda,asking_price,24 mei 2024,2024-05-24T00:00:00+00:00
90000186,336027,€ 336.027 k.k.,funda,asking_price,7 augustus 2024,2024-08-07T00:00:00+00:00
90000187,507497,€ 507.497 k.k.,funda,asking_price,20 februari 2024,2024-02-20T00:00:00+00:00
90000188,492233,€ 492.233 k.k.,funda,asking_price,14 februari 2024,2024-02-14T00:00:00+00:00
90000189,326358,€ 326.358 k.k.,funda,asking_price,21 juli 2024,2024-07-21T00:00:00+00:00
90000190,429192,€ 429.192 k.k.,funda,asking_price,24 september 2024,2024-09-24T00:00:00+00:00
90000190,419192,€ 419.192 k.k.,funda,asking_price,28 december 2024,2024-12-28T00:00:00+00:00
90000190,409192,€ 409.192 k.k.,funda,asking_price,6 januari 2024,2024-01-06T00:00:00+00:00
90000191,564205,€ 564.205 k.k.,funda,asking_price,28 december 2024,2024-12-28T00:00:00+00:00
90000191,544205,€ 544.205 k.k.,funda,asking_price,2 mei 2024,2024-05-02T00:00:00+00:00
90000192,439596,€ 439.596 k.k.,funda,asking_price,15 september 2024,2024-09-15T00:00:00+00:00
90000192,419596,€ 419.596 k.k.,funda,asking_price,7 mei 2024,2024-05-07T00:00:00+00:00
90000192,399596,€ 399.596 k.k.,funda,asking_price,11 februari 2024,2024-02-11T00:00:00+00:00
90000193,403810,€ 403.810 k.k.,funda,asking_price,20 maart 2024,2024-03-20T00:00:00+00:00
90000193,393810,€ 393.810 k.k.,funda,asking_price,13 november 2024,2024-11-13T00:00:00+00:00
90000193,373810,€ 373.810 k.k.,funda,asking_price,17 juli 2024,2024-07-17T00:00:00+00:00
90000194,450161,€ 450.161 k.k.,funda,asking_price,9 januari 2024,2024-01-09T00:00:00+00:00
90000195,434153,€ 434.153 k.k.,funda,asking_price,12 november 2024,2024-11-12T00:00:00+00:00
90000195,414153,€ 414.153 k.k.,funda,asking_price,8 december 2024,2024-12-08T00:00:00+00:00
90000195,404153,€ 404.153 k.k.,funda,asking_price,22 januari 2024,2024-01-22T00:00:00+00:00
90000196,539433,€ 539.433 k.k.,funda,asking_price,20 juni 2024,2024-06-20T00:00:00+00:00
90000196,519433,€ 519.433 k.k.,funda,asking_price,8 april 2024,2024-04-08T00:00:00+00:00
90000196,509433,€ 509.433 k.k.,funda,asking_price,16 maart 2024,2024-03-16T00:00:00+00:00
90000197,488978,€ 488.978 k.k.,funda,asking_price,15 september 2024,2024-09-15T00:00:00+00:00
90000197,478978,€ 478.978 k.k.,funda,asking_price,23 september 2024,2024-09-23T00:00:00+00:00
90000197,468978,€ 468.978 k.k.,funda,asking_price,3 juni 2024,2024-06-03T00:00:00+00:00
90000198,475130,€ 475.130 k.k.,funda,asking_price,11 maart 2024,2024-03-11T00:00:00+00:00
90000199,493143,€ 493.143 k.k.,funda,asking_price,5 augustus 2024,2024-08-05T00:00:00+00:00
90000199,463143,€ 463.143 k.k.,funda,asking_price,14 september 2024,2024-09-14T00:00:00+00:00
90000199,453143,€ 453.143 k.k.,funda,asking_price,19 augustus 2024,2024-08-19T00:00:00+00:00
90000200,544603,€ 544.603 k.k.,funda,asking_price,24 januari 2024,2024-01-24T00:00:00+00:00
90000200,514603,€ 514.603 k.k.,funda,asking_price,19 april 2024,2024-04-19T00:00:00+00:00
90000201,425795,€ 425.795 k.k.,funda,asking_price,14 mei 2024,2024-05-14T00:00:00+00:00
90000201,415795,€ 415.795 k.k.,funda,asking_price,25 maart 2024,2024-03-25T00:00:00+00:00
90000202,550195,€ 550.195 k.k.,funda,asking_price,13 juli 2024,2024-07-13T00:00:00+00:00
90000202,510195,€ 510.195 k.k.,funda,asking_price,22 februari 2024,2024-02-22T00:00:00+00:00
90000203,560839,€ 560.839 k.k.,funda,asking_price,10 januari 2024,2024-01-10T00:00:00+00:00
90000203,550839,€ 550.839 k.k.,funda,asking_price,22 augustus 2024,2024-08-22T00:00:00+00:00
90000203,540839,€ 540.839 k.k.,funda,asking_price,18 december 2024,2024-12-18T00:00:00+00:00
90000204,520750,€ 520.750 k.k.,funda,asking_price,7 mei 2024,2024-05-07T00:00:00+00:00
90000205,463089,€ 463.089 k.k.,funda,asking_price,20 februari 2024,2024-02-20T00:00:00+00:00
90000206,464155,€ 464.155 k.k.,funda,asking_price,15 juli 2024,2024-07-15T00:00:00+00:00
90000207,456735,€ 456.735 k.k.,funda,asking_price,19 december 2024,2024-12-19T00:00:00+00:00
90000207,436735,€ 436.735 k.k.,funda,asking_price,19 juni 2024,2024-06-19T00:00:00+00:00
90000208,487945,€ 487.945 k.k.,funda,asking_price,18 januari 2024,2024-01-18T00:00:00+00:00
90000208,457945,€ 457.945 k.k.,funda,asking_price,24 oktober 2024,2024-10-24T00:00:00+00:00
90000209,452290,€ 452.290 k.k.,funda,asking_price,14 december 2024,2024-12-14T00:00:00+00:00
90000209,442290,€ 442.290 k.k.,funda,asking_price,5 juli 2024,2024-07-05T00:00:00+00:00
90000209,412290,€ 412.290 k.k.,funda,asking_price,13 mei 2024,2024-05-13T00:00:00+00:00
90000210,478836,€ 478.836 k.k.,funda,asking_price,2 augustus 2024,2024-08-02T00:00:00+00:00
90000211,521821,€ 521.821 k.k.,funda,asking_price,21 juni 2024,2024-06-21T00:00:00+00:00
90000211,501821,€ 501.821 k.k.,funda,asking_price,15 februari 2024,2024-02-15T00:00:00+00:00
90000212,490375,€ 490.375 k.k.,funda,asking_price,24 oktober 2024,2024-10-24T00:00:00+00:00
90000212,480375,€ 480.375 k.k.,funda,asking_price,18 november 2024,2024-11-18T00:00:00+00:00
90000212,470375,€ 470.375 k.k.,funda,asking_price,16 april 2024,2024-04-16T00:00:00+00:00
90000213,495524,€ 495.524 k.k.,funda,asking_price,23 april 2024,2024-04-23T00:00:00+00:00
90000213,465524,€ 465.524 k.k.,funda,asking_price,23 oktober 2024,2024-10-23T00:00:00+00:00
90000213,455524,€ 455.524 k.k.,funda,asking_price,13 april 2024,2024-04-13T00:00:00+00:00
90000214,562224,€ 562.224 k.k.,funda,asking_price,4 augustus 2024,2024-08-04T00:00:00+00:00
90000214,552224,€ 552.224 k.k.,funda,asking_price,16 december 2024,2024-12-16T00:00:00+00:00
90000214,522224,€ 522.224 k.k.,funda,asking_price,7 juni 2024,2024-06-07T00:00:00+00:00
90000215,594314,€ 594.314 k.k.,funda,asking_price,18 mei 2024,2024-05-18T00:00:00+00:00
90000216,579366,€ 579.366 k.k.,funda,asking_price,25 mei 2024,2024-05-25T00:00:00+00:00
90000216,549366,€ 549.366 k.k.,funda,asking_price,24 augustus 2024,2024-08-24T00:00:00+00:00
90000217,476689,€ 476.689 k.k.,funda,asking_price,21 september 2024,2024-09-21T00:00:00+00:00
90000217,456689,€ 456.689 k.k.,funda,asking_price,17 januari 2024,2024-01-17T00:00:00+00:00
90000217,436689,€ 436.689 k.k.,funda,asking_price,27 januari 2024,2024-01-27T00:00:00+00:00
90000218,528106,€ 528.106 k.k.,funda,asking_price,5 december 2024,2024-12-05T00:00:00+00:00
90000218,518106,€ 518.106 k.k.,funda,asking_price,7 januari 2024,2024-01-07T00:00:00+00:00
90000218,508106,€ 508.106 k.k.,funda,asking_price,15 september 2024,2024-09-15T00:00:00+00:00
90000219,536669,€ 536.669 k.k.,funda,asking_price,18 januari 2024,2024-01-18T00:00:00+00:00
90000219,526669,€ 526.669 k.k.,funda,asking_price,14 september 2024,2024-09-14T00:00:00+00:00
90000220,444493,€ 444.493 k.k.,funda,asking_price,4 februari 2024,2024-02-04T00:00:00+00:00
90000220,424493,€ 424.493 k.k.,funda,asking_price,5 september 2024,2024-09-05T00:00:00+00:00
90000220,404493,€ 404.493 k.k.,funda,asking_price,7 april 2024,2024-04-07T00:00:00+00:00
90000221,460714,€ 460.714 k.k.,funda,asking_price,8 oktober 2024,2024-10-08T00:00:00+00:00
90000221,420714,€ 420.714 k.k.,funda,asking_price,8 december 2024,2024-12-08T00:00:00+00:00
90000222,624977,€ 624.977 k.k.,funda,asking_price,13 februari 2024,2024-02-13T00:00:00+00:00
90000223,584246,€ 584.246 k.k.,funda,asking_price,28 augustus 2024,2024-08-28T00:00:00+00:00
90000224,538453,€ 538.453 k.k.,funda,asking_price,28 april 2024,2024-04-28T00:00:00+00:00
90000225,562352,€ 562.352 k.k.,funda,asking_price,1 juni 2024,2024-06-01T00:00:00+00:00
90000225,552352,€ 552.352 k.k.,funda,asking_price,19 april 2024,2024-04-19T00:00:00+00:00
90000225,542352,€ 542.352 k.k.,funda,asking_price,25 maart 2024,2024-03-25T00:00:00+00:00
90000226,493038,€ 493.038 k.k.,funda,asking_price,25 juli 2024,2024-07-25T00:00:00+00:00
90000226,463038,€ 463.038 k.k.,funda,asking_price,5 december 2024,2024-12-05T00:00:00+00:00
90000227,425607,€ 425.607 k.k.,funda,asking_price,11 februari 2024,2024-02-11T00:00:00+00:00
90000228,491651,€ 491.651 k.k.,funda,asking_price,18 juni 2024,2024-06-18T00:00:00+00:00
90000228,471651,€ 471.651 k.k.,funda,asking_price,14 juli 2024,2024-07-14T00:00:00+00:00
90000229,622419,€ 622.419 k.k.,funda,asking_price,3 december 2024,2024-12-03T00:00:00+00:00
90000229,602419,€ 602.419 k.k.,funda,asking_price,9 februari 2024,2024-02-09T00:00:00+00:00
90000230,512137,€ 512.137 k.k.,funda,asking_price,1 februari 2024,2024-02-01T00:00:00+00:00
90000230,502137,€ 502.137 k.k.,funda,asking_price,15 mei 2024,2024-05-15T00:00:00+00:00
90000231,489123,€ 489.123 k.k.,funda,asking_price,1 februari 2024,2024-02-01T00:00:00+00:00
90000231,449123,€ 449.123 k.k.,funda,asking_price,12 februari 2024,2024-02-12T00:00:00+00:00
90000232,443235,€ 443.235 k.k.,funda,asking_price,24 februari 2024,2024-02-24T00:00:00+00:00
90000232,403235,€ 403.235 k.k.,funda,asking_price,8 september 2024,2024-09-08T00:00:00+00:00
90000233,498939,€ 498.939 k.k.,funda,asking_price,6 februari 2024,2024-02-06T00:00:00+00:00
90000233,478939,€ 478.939 k.k.,funda,asking_price,9 juli 2024,2024-07-09T00:00:00+00:00
90000234,504642,€ 504.642 k.k.,funda,asking_price,4 augustus 2024,2024-08-04T00:00:00+00:00
90000234,484642,€ 484.642 k.k.,funda,asking_price,10 maart 2024,2024-03-10T00:00:00+00:00
90000234,464642,€ 464.642 k.k.,funda,asking_price,13 januari 2024,2024-01-13T00:00:00+00:00
90000235,535401,€ 535.401 k.k.,funda,asking_price,11 mei 2024,2024-05-11T00:00:00+00:00
90000235,515401,€ 515.401 k.k.,funda,asking_price,23 oktober 2024,2024-10-23T00:00:00+00:00
90000236,516401,€ 516.401 k.k.,funda,asking_price,13 juni 2024,2024-06-13T00:00:00+00:00
90000236,496401,€ 496.401 k.k.,funda,asking_price,27 mei 2024,2024-05-27T00:00:00+00:00
90000236,476401,€ 476.401 k.k.,funda,asking_price,12 juli 2024,2024-07-12T00:00:00+00:00
90000237,487166,€ 487.166 k.k.,funda,asking_price,7 december 2024,2024-12-07T00:00:00+00:00
90000237,457166,€ 457.166 k.k.,funda,asking_price,26 augustus 2024,2024-08-26T00:00:00+00:00
90000237,447166,€ 447.166 k.k.,funda,asking_price,27 mei 2024,2024-05-27T00:00:00+00:00
90000238,576417,€ 576.417 k.k.,funda,asking_price,10 november 2024,2024-11-10T00:00:00+00:00
90000239,459389,€ 459.389 k.k.,funda,asking_price,23 juni 2024,2024-06-23T00:00:00+00:00
90000239,429389,€ 429.389 k.k.,funda,asking_price,20 september 2024,2024-09-20T00:00:00+00:00
90000239,419389,€ 419.389 k.k.,funda,asking_price,3 november 2024,2024-11-03T00:00:00+00:00
90000240,483604,€ 483.604 k.k.,funda,asking_price,26 juni 2024,2024-06-26T00:00:00+00:00
90000240,453604,€ 453.604 k.k.,funda,asking_price,4 juli 2024,2024-07-04T00:00:00+00:00
90000240,443604,€ 443.604 k.k.,funda,asking_price,4 januari 2024,2024-01-04T00:00:00+00:00
90000241,580267,€ 580.267 k.k.,funda,asking_price,12 augustus 2024,2024-08-12T00:00:00+00:00
90000242,439516,€ 439.516 k.k.,funda,asking_price,4 augustus 2024,2024-08-04T00:00:00+00:00
90000243,467139,€ 467.139 k.k.,funda,asking_price,26 augustus 2024,2024-08-26T00:00:00+00:00
90000243,437139,€ 437.139 k.k.,funda,asking_price,17 april 2024,2024-04-17T00:00:00+00:00
90000244,518606,€ 518.606 k.k.,funda,asking_price,2 mei 2024,2024-05-02T00:00:00+00:00
90000245,639728,€ 639.728 k.k.,funda,asking_price,14 september 2024,2024-09-14T00:00:00+00:00
90000245,629728,€ 629.728 k.k.,funda,asking_price,8 augustus 2024,2024-08-08T00:00:00+00:00
90000245,609728,€ 609.728 k.k.,funda,asking_price,21 juli 2024,2024-07-21T00:00:00+00:00
90000246,593301,€ 593.301 k.k.,funda,asking_price,19 augustus 2024,2024-08-19T00:00:00+00:00
90000247,597217,€ 597.217 k.k.,funda,asking_price,4 oktober 2024,2024-10-04T00:00:00+00:00
90000248,615820,€ 615.820 k.k.,funda,asking_price,13 oktober 2024,2024-10-13T00:00:00+00:00
90000248,605820,€ 605.820 k.k.,funda,asking_price,4 oktober 2024,2024-10-04T00:00:00+00:00
90000248,575820,€ 575.820 k.k.,funda,asking_price,12 juni 2024,2024-06-12T00:00:00+00:00
90000249,629875,€ 629.875 k.k.,funda,asking_price,4 juni 2024,2024-06-04T00:00:00+00:00
90000249,619875,€ 619.875 k.k.,funda,asking_price,10 april 2024,2024-04-10T00:00:00+00:00
90000249,609875,€ 609.875 k.k.,funda,asking_price,6 februari 2024,2024-02-06T00:00:00+00:00
90000250,596349,€ 596.349 k.k.,funda,asking_price,21 augustus 2024,2024-08-21T00:00:00+00:00
90000250,576349,€ 576.349 k.k.,funda,asking_price,23 september 2024,2024-09-23T00:00:00+00:00
90000250,556349,€ 556.349 k.k.,funda,asking_price,6 november 2024,2024-11-06T00:00:00+00:00
90000251,422374,€ 422.374 k.k.,funda,asking_price,5 augustus 2024,2024-08-05T00:00:00+00:00
90000251,412374,€ 412.374 k.k.,funda,asking_price,27 april 2024,2024-04-27T00:00:00+00:00
90000252,397252,€ 397.252 k.k.,funda,asking_price,27 december 2024,2024-12-27T00:00:00+00:00
90000252,357252,€ 357.252 k.k.,funda,asking_price,16 augustus 2024,2024-08-16T00:00:00+00:00
90000253,346569,€ 346.569 k.k.,funda,asking_price,10 september 2024,2024-09-10T00:00:00+00:00
90000253,326569,€ 326.569 k.k.,funda,asking_price,25 maart 2024,2024-03-25T00:00:00+00:00
90000254,394107,€ 394.107 k.k.,funda,asking_price,4 oktober 2024,2024-10-04T00:00:00+00:00
90000255,432093,€ 432.093 k.k.,funda,asking_price,4 juli 2024,2024-07-04T00:00:00+00:00
90000255,412093,€ 412.093 k.k.,funda,asking_price,27 december 2024,2024-12-27T00:00:00+00:00
90000255,392093,€ 392.093 k.k.,funda,asking_price,25 november 2024,2024-11-25T00:00:00+00:00
90000256,474100,€ 474.100 k.k.,funda,asking_price,7 april 2024,2024-04-07T00:00:00+00:00
90000256,464100,€ 464.100 k.k.,funda,asking_price,19 december 2024,2024-12-19T00:00:00+00:00
90000257,293511,€ 293.511 k.k.,funda,asking_price,27 april 2024,2024-04-27T00:00:00+00:00
90000258,353684,€ 353.684 k.k.,funda,asking_price,10 december 2024,2024-12-10T00:00:00+00:00
90000258,343684,€ 343.684 k.k.,funda,asking_price,19 mei 2024,2024-05-19T00:00:00+00:00
90000258,323684,€ 323.684 k.k.,funda,asking_price,28 mei 2024,2024-05-28T00:00:00+00:00
90000259,285543,€ 285.543 k.k.,funda,asking_price,28 mei 2024,2024-05-28T00:00:00+00:00
90000260,436487,€ 436.487 k.k.,funda,asking_price,13 november 2024,2024-11-13T00:00:00+00:00
90000261,348349,€ 348.349 k.k.,funda,asking_price,26 november 2024,2024-11-26T00:00:00+00:00
90000262,379195,€ 379.195 k.k.,funda,asking_price,3 december 2024,2024-12-03T00:00:00+00:00
90000262,369195,€ 369.195 k.k.,funda,asking_price,15 december 2024,2024-12-15T00:00:00+00:00
90000263,307102,€ 307.102 k.k.,funda,asking_price,9 augustus 2024,2024-08-09T00:00:00+00:00
90000264,314234,€ 314.234 k.k.,funda,asking_price,25 november 2024,2024-11-25T00:00:00+00:00
90000264,284234,€ 284.234 k.k.,funda,asking_price,2 januari 2024,2024-01-02T00:00:00+00:00
90000265,322568,€ 322.568 k.k.,funda,asking_price,14 januari 2024,2024-01-14T00:00:00+00:00
90000265,282568,€ 282.568 k.k.,funda,asking_price,23 april 2024,2024-04-23T00:00:00+00:00
90000266,304468,€ 304.468 k.k.,funda,asking_price,12 februari 2024,2024-02-12T00:00:00+00:00
90000266,274468,€ 274.468 k.k.,funda,asking_price,21 november 2024,2024-11-21T00:00:00+00:00
90000267,457979,€ 457.979 k.k.,funda,asking_price,4 december 2024,2024-12-04T00:00:00+00:00
90000267,447979,€ 447.979 k.k.,funda,asking_price,7 januari 2024,2024-01-07T00:00:00+00:00
90000268,366671,€ 366.671 k.k.,funda,asking_price,11 december 2024,2024-12-11T00:00:00+00:00
90000269,375226,€ 375.226 k.k.,funda,asking_price,3 juli 2024,2024-07-03T00:00:00+00:00
90000270,370328,€ 370.328 k.k.,funda,asking_price,19 september 2024,2024-09-19T00:00:00+00:00
90000270,360328,€ 360.328 k.k.,funda,asking_price,20 januari 2024,2024-01-20T00:00:00+00:00
90000270,350328,€ 350.328 k.k.,funda,asking_price,6 november 2024,2024-11-06T00:00:00+00:00
90000271,397927,€ 397.927 k.k.,funda,asking_price,4 februari 2024,2024-02-04T00:00:00+00:00
90000271,377927,€ 377.927 k.k.,funda,asking_price,25 maart 2024,2024-03-25T00:00:00+00:00
90000271,357927,€ 357.927 k.k.,funda,asking_price,19 februari 2024,2024-02-19T00:00:00+00:00
90000272,334955,€ 334.955 k.k.,funda,asking_price,20 september 2024,2024-09-20T00:00:00+00:00
90000272,324955,€ 324.955 k.k.,funda,asking_price,24 oktober 2024,2024-10-24T00:00:00+00:00
90000272,314955,€ 314.955 k.k.,funda,asking_price,10 oktober 2024,2024-10-10T00:00:00+00:00
90000273,343856,€ 343.856 k.k.,funda,asking_price,21 mei 2024,2024-05-21T00:00:00+00:00
90000273,323856,€ 323.856 k.k.,funda,asking_price,26 januari 2024,2024-01-26T00:00:00+00:00
90000273,303856,€ 303.856 k.k.,funda,asking_price,16 april 2024,2024-04-16T00:00:00+00:00
90000274,418487,€ 418.487 k.k.,funda,asking_price,13 maart 2024,2024-03-13T00:00:00+00:00
90000274,388487,€ 388.487 k.k.,funda,asking_price,14 oktober 2024,2024-10-14T00:00:00+00:00
90000275,451947,€ 451.947 k.k.,funda,asking_price,3 oktober 2024,2024-10-03T00:00:00+00:00
90000276,422804,€ 422.804 k.k.,funda,asking_price,18 november 2024,2024-11-18T00:00:00+00:00
90000276,392804,€ 392.804 k.k.,funda,asking_price,20 september 2024,2024-09-20T00:00:00+00:00
90000276,382804,€ 382.804 k.k.,funda,asking_price,9 maart 2024,2024-03-09T00:00:00+00:00
90000277,400611,€ 400.611 k.k.,funda,asking_price,23 mei 2024,2024-05-23T00:00:00+00:00
90000277,390611,€ 390.611 k.k.,funda,asking_price,24 juli 2024,2024-07-24T00:00:00+00:00
90000278,398848,€ 398.848 k.k.,funda,asking_price,24 november 2024,2024-11-24T00:00:00+00:00
90000278,378848,€ 378.848 k.k.,funda,asking_price,24 november 2024,2024-11-24T00:00:00+00:00
90000278,368848,€ 368.848 k.k.,funda,asking_price,4 maart 2024,2024-03-04T00:00:00+00:00
90000279,410131,€ 410.131 k.k.,funda,asking_price,5 juni 2024,2024-06-05T00:00:00+00:00
90000279,400131,€ 400.131 k.k.,funda,asking_price,25 december 2024,2024-12-25T00:00:00+00:00
90000279,380131,€ 380.131 k.k.,funda,asking_price,24 mei 2024,2024-05-24T00:00:00+00:00
90000280,321298,€ 321.298 k.k.,funda,asking_price,23 mei 2024,2024-05-23T00:00:00+00:00
90000281,418605,€ 418.605 k.k.,funda,asking_price,25 mei 2024,2024-05-25T00:00:00+00:00
90000281,398605,€ 398.605 k.k.,funda,asking_price,19 februari 2024,2024-02-19T00:00:00+00:00
90000282,344107,€ 344.107 k.k.,funda,asking_price,5 juli 2024,2024-07-05T00:00:00+00:00
90000282,314107,€ 314.107 k.k.,funda,asking_price,28 maart 2024,2024-03-28T00:00:00+00:00
90000283,421888,€ 421.888 k.k.,funda,asking_price,8 juni 2024,2024-06-08T00:00:00+00:00
90000284,399824,€ 399.824 k.k.,funda,asking_price,22 september 2024,2024-09-22T00:00:00+00:00
90000285,385100,€ 385.100 k.k.,funda,asking_price,11 mei 2024,2024-05-11T00:00:00+00:00
90000285,355100,€ 355.100 k.k.,funda,asking_price,18 februari 2024,2024-02-18T00:00:00+00:00
90000286,443875,€ 443.875 k.k.,funda,asking_price,12 augustus 2024,2024-08-12T00:00:00+00:00
90000287,393277,€ 393.277 k.k.,funda,asking_price,14 januari 2024,2024-01-14T00:00:00+00:00
90000288,252515,€ 252.515 k.k.,funda,asking_price,13 november 2024,2024-11-13T00:00:00+00:00
90000289,378982,€ 378.982 k.k.,funda,asking_price,9 december 2024,2024-12-09T00:00:00+00:00
90000290,398280,€ 398.280 k.k.,funda,asking_price,3 december 2024,2024-12-03T00:00:00+00:00
90000290,358280,€ 358.280 k.k.,funda,asking_price,4 oktober 2024,2024-10-04T00:00:00+00:00
90000291,418850,€ 418.850 k.k.,funda,asking_price,10 april 2024,2024-04-10T00:00:00+00:00
90000291,398850,€ 398.850 k.k.,funda,asking_price,28 mei 2024,2024-05-28T00:00:00+00:00
90000292,365524,€ 365.524 k.k.,funda,asking_price,3 april 2024,2024-04-03T00:00:00+00:00
90000292,335524,€ 335.524 k.k.,funda,asking_price,5 april 2024,2024-04-05T00:00:00+00:00
90000293,386564,€ 386.564 k.k.,funda,asking_price,10 augustus 2024,2024-08-10T00:00:00+00:00
90000293,376564,€ 376.564 k.k.,funda,asking_price,9 augustus 2024,2024-08-09T00:00:00+00:00
90000293,356564,€ 356.564 k.k.,funda,asking_price,3 februari 2024,2024-02-03T00:00:00+00:00
90000294,432682,€ 432.682 k.k.,funda,asking_price,27 april 2024,2024-04-27T00:00:00+00:00
90000295,353873,€ 353.873 k.k.,funda,asking_price,10 november 2024,2024-11-10T00:00:00+00:00
90000296,494028,€ 494.028 k.k.,funda,asking_price,4 augustus 2024,2024-08-04T00:00:00+00:00
90000296,484028,€ 484.028 k.k.,funda,asking_price,4 maart 2024,2024-03-04T00:00:00+00:00
90000296,474028,€ 474.028 k.k.,funda,asking_price,2 januari 2024,2024-01-02T00:00:00+00:00
90000297,415228,€ 415.228 k.k.,funda,asking_price,19 oktober 2024,2024-10-19T00:00:00+00:00
90000298,321839,€ 321.839 k.k.,funda,asking_price,28 februari 2024,2024-02-28T00:00:00+00:00
90000298,301839,€ 301.839 k.k.,funda,asking_price,4 juni 2024,2024-06-04T00:00:00+00:00
90000299,403549,€ 403.549 k.k.,funda,asking_price,13 januari 2024,2024-01-13T00:00:00+00:00
90000299,363549,€ 363.549 k.k.,funda,asking_price,14 november 2024,2024-11-14T00:00:00+00:00
90000300,318962,€ 318.962 k.k.,funda,asking_price,14 augustus 2024,2024-08-14T00:00:00+00:00
90000300,308962,€ 308.962 k.k.,funda,asking_price,16 september 2024,2024-09-16T00:00:00+00:00
90000300,288962,€ 288.962 k.k.,funda,asking_price,3 januari 2024,2024-01-03T00:00:00+00:00
90000301,380312,€ 380.312 k.k.,funda,asking_price,12 december 2024,2024-12-12T00:00:00+00:00
90000301,350312,€ 350.312 k.k.,funda,asking_price,18 augustus 2024,2024-08-18T00:00:00+00:00
90000301,340312,€ 340.312 k.k.,funda,asking_price,12 augustus 2024,2024-08-12T00:00:00+00:00
90000302,431530,€ 431.530 k.k.,funda,asking_price,2 mei 2024,2024-05-02T00:00:00+00:00
90000303,316844,€ 316.844 k.k.,funda,asking_price,8 november 2024,2024-11-08T00:00:00+00:00
90000304,329656,€ 329.656 k.k.,funda,asking_price,6 maart 2024,2024-03-06T00:00:00+00:00
90000304,319656,€ 319.656 k.k.,funda,asking_price,19 april 2024,2024-04-19T00:00:00+00:00
90000304,289656,€ 289.656 k.k.,funda,asking_price,26 juni 2024,2024-06-26T00:00:00+00:00
90000305,407191,€ 407.191 k.k.,funda,asking_price,10 september 2024,2024-09-10T00:00:00+00:00
90000305,387191,€ 387.191 k.k.,funda,asking_price,16 maart 2024,2024-03-16T00:00:00+00:00
90000305,367191,€ 367.191 k.k.,funda,asking_price,3 januari 2024,2024-01-03T00:00:00+00:00
90000306,305179,€ 305.179 k.k.,funda,asking_price,6 december 2024,2024-12-06T00:00:00+00:00
90000306,295179,€ 295.179 k.k.,funda,asking_price,2 juni 2024,2024-06-02T00:00:00+00:00
90000306,275179,€ 275.179 k.k.,funda,asking_price,5 januari 2024,2024-01-05T00:00:00+00:00
90000307,334013,€ 334.013 k.k.,funda,asking_price,10 juni 2024,2024-06-10T00:00:00+00:00
90000307,304013,€ 304.013 k.k.,funda,asking_price,5 juni 2024,2024-06-05T00:00:00+00:00
90000307,294013,€ 294.013 k.k.,funda,asking_price,24 maart 2024,2024-03-24T00:00:00+00:00
90000308,388173,€ 388.173 k.k.,funda,asking_price,19 november 2024,2024-11-19T00:00:00+00:00
90000308,378173,€ 378.173 k.k.,funda,asking_price,13 maart 2024,2024-03-13T00:00:00+00:00
90000308,358173,€ 358.173 k.k.,funda,asking_price,24 mei 2024,2024-05-24T00:00:00+00:00
90000309,445165,€ 445.165 k.k.,funda,asking_price,11 oktober 2024,2024-10-11T00:00:00+00:00
90000309,435165,€ 435.165 k.k.,funda,asking_price,8 oktober 2024,2024-10-08T00:00:00+00:00
90000309,425165,€ 425.165 k.k.,funda,asking_price,19 november 2024,2024-11-19T00:00:00+00:00
90000310,325396,€ 325.396 k.k.,funda,asking_price,21 maart 2024,2024-03-21T00:00:00+00:00
90000310,295396,€ 295.396 k.k.,funda,asking_price,27 februari 2024,2024-02-27T00:00:00+00:00
90000311,302771,€ 302.771 k.k.,funda,asking_price,1 december 2024,2024-12-01T00:00:00+00:00
90000311,292771,€ 292.771 k.k.,funda,asking_price,13 januari 2024,2024-01-13T00:00:00+00:00
90000312,444258,€ 444.258 k.k.,funda,asking_price,27 februari 2024,2024-02-27T00:00:00+00:00
90000312,404258,€ 404.258 k.k.,funda,asking_price,26 augustus 2024,2024-08-26T00:00:00+00:00
90000313,382308,€ 382.308 k.k.,funda,asking_price,3 februari 2024,2024-02-03T00:00:00+00:00
90000313,352308,€ 352.308 k.k.,funda,asking_price,6 juni 2024,2024-06-06T00:00:00+00:00
90000314,403591,€ 403.591 k.k.,funda,asking_price,21 juli 2024,2024-07-21T00:00:00+00:00
90000314,373591,€ 373.591 k.k.,funda,asking_price,20 maart 2024,2024-03-20T00:00:00+00:00
90000314,363591,€ 363.591 k.k.,funda,asking_price,6 juli 2024,2024-07-06T00:00:00+00:00
90000315,487765,€ 487.765 k.k.,funda,asking_price,2 februari 2024,2024-02-02T00:00:00+00:00
90000315,477765,€ 477.765 k.k.,funda,asking_price,19 juli 2024,2024-07-19T00:00:00+00:00
90000315,457765,€ 457.765 k.k.,funda,asking_price,27 september 2024,2024-09-27T00:00:00+00:00
90000316,392214,€ 392.214 k.k.,funda,asking_price,1 februari 2024,2024-02-01T00:00:00+00:00
90000316,372214,€ 372.214 k.k.,funda,asking_price,6 april 2024,2024-04-06T00:00:00+00:00
90000316,352214,€ 352.214 k.k.,funda,asking_price,10 november 2024,2024-11-10T00:00:00+00:00
90000317,428455,€ 428.455 k.k.,funda,asking_price,18 november 2024,2024-11-18T00:00:00+00:00
90000317,408455,€ 408.455 k.k.,funda,asking_price,6 juli 2024,2024-07-06T00:00:00+00:00
90000317,398455,€ 398.455 k.k.,funda,asking_price,13 juni 2024,2024-06-13T00:00:00+00:00
90000318,354048,€ 354.048 k.k.,funda,asking_price,25 maart 2024,2024-03-25T00:00:00+00:00
90000318,344048,€ 344.048 k.k.,funda,asking_price,22 december 2024,2024-12-22T00:00:00+00:00
90000319,473300,€ 473.300 k.k.,funda,asking_price,2 september 2024,2024-09-02T00:00:00+00:00
90000320,495110,€ 495.110 k.k.,funda,asking_price,3 mei 2024,2024-05-03T00:00:00+00:00
90000320,475110,€ 475.110 k.k.,funda,asking_price,28 juli 2024,2024-07-28T00:00:00+00:00
90000320,455110,€ 455.110 k.k.,funda,asking_price,2 december 2024,2024-12-02T00:00:00+00:00
90000321,452611,€ 452.611 k.k.,funda,asking_price,25 februari 2024,2024-02-25T00:00:00+00:00
90000322,318078,€ 318.078 k.k.,funda,asking_price,14 november 2024,2024-11-14T00:00:00+00:00
90000322,308078,€ 308.078 k.k.,funda,asking_price,27 april 2024,2024-04-27T00:00:00+00:00
90000323,486640,€ 486.640 k.k.,funda,asking_price,18 juli 2024,2024-07-18T00:00:00+00:00
90000324,435103,€ 435.103 k.k.,funda,asking_price,5 juli 2024,2024-07-05T00:00:00+00:00
90000324,405103,€ 405.103 k.k.,funda,asking_price,19 maart 2024,2024-03-19T00:00:00+00:00
90000324,395103,€ 395.103 k.k.,funda,asking_price,19 oktober 2024,2024-10-19T00:00:00+00:00
90000325,520978,€ 520.978 k.k.,funda,asking_price,13 mei 2024,2024-05-13T00:00:00+00:00
90000325,510978,€ 510.978 k.k.,funda,asking_price,16 november 2024,2024-11-16T00:00:00+00:00
90000325,480978,€ 480.978 k.k.,funda,asking_price,20 oktober 2024,2024-10-20T00:00:00+00:00
90000326,474555,€ 474.555 k.k.,funda,asking_price,11 juli 2024,2024-07-11T00:00:00+00:00
90000326,444555,€ 444.555 k.k.,funda,asking_price,8 december 2024,2024-12-08T00:00:00+00:00
90000326,434555,€ 434.555 k.k.,funda,asking_price,24 januari 2024,2024-01-24T00:00:00+00:00
90000327,393569,€ 393.569 k.k.,funda,asking_price,28 augustus 2024,2024-08-28T00:00:00+00:00
90000327,363569,€ 363.569 k.k.,funda,asking_price,22 december 2024,2024-12-22T00:00:00+00:00
90000328,499962,€ 499.962 k.k.,funda,asking_price,14 december 2024,2024-12-14T00:00:00+00:00
90000328,469962,€ 469.962 k.k.,funda,asking_price,21 oktober 2024,2024-10-21T00:00:00+00:00
90000329,499234,€ 499.234 k.k.,funda,asking_price,26 september 2024,2024-09-26T00:00:00+00:00
90000329,479234,€ 479.234 k.k.,funda,asking_price,3 maart 2024,2024-03-03T00:00:00+00:00
90000329,469234,€ 469.234 k.k.,funda,asking_price,23 mei 2024,2024-05-23T00:00:00+00:00
90000330,282588,€ 282.588 k.k.,funda,asking_price,27 april 2024,2024-04-27T00:00:00+00:00
90000331,489715,€ 489.715 k.k.,funda,asking_price,17 augustus 2024,2024-08-17T00:00:00+00:00
90000331,459715,€ 459.715 k.k.,funda,asking_price,21 juli 2024,2024-07-21T00:00:00+00:00
90000332,430724,€ 430.724 k.k.,funda,asking_price,19 augustus 2024,2024-08-19T00:00:00+00:00
90000333,492807,€ 492.807 k.k.,funda,asking_price,1 mei 2024,2024-05-01T00:00:00+00:00
90000334,529686,€ 529.686 k.k.,funda,asking_price,14 november 2024,2024-11-14T00:00:00+00:00
90000334,519686,€ 519.686 k.k.,funda,asking_price,1 september 2024,2024-09-01T00:00:00+00:00
90000334,499686,€ 499.686 k.k.,funda,asking_price,1 november 2024,2024-11-01T00:00:00+00:00
90000335,484941,€ 484.941 k.k.,funda,asking_price,20 mei 2024,2024-05-20T00:00:00+00:00
90000336,426098,€ 426.098 k.k.,funda,asking_price,7 mei 2024,2024-05-07T00:00:00+00:00
90000336,386098,€ 386.098 k.k.,funda,asking_price,10 augustus 2024,2024-08-10T00:00:00+00:00
90000337,306926,€ 306.926 k.k.,funda,asking_price,3 augustus 2024,2024-08-03T00:00:00+00:00
90000337,286926,€ 286.926 k.k.,funda,asking_price,9 juni 2024,2024-06-09T00:00:00+00:00
90000337,276926,€ 276.926 k.k.,funda,asking_price,11 november 2024,2024-11-11T00:00:00+00:00
90000338,353326,€ 353.326 k.k.,funda,asking_price,25 september 2024,2024-09-25T00:00:00+00:00
90000339,400931,€ 400.931 k.k.,funda,asking_price,1 december 2024,2024-12-01T00:00:00+00:00
90000339,380931,€ 380.931 k.k.,funda,asking_price,16 november 2024,2024-11-16T00:00:00+00:00
90000340,314258,€ 314.258 k.k.,funda,asking_price,23 december 2024,2024-12-23T00:00:00+00:00
90000340,304258,€ 304.258 k.k.,funda,asking_price,22 april 2024,2024-04-22T00:00:00+00:00
90000340,284258,€ 284.258 k.k.,funda,asking_price,21 september 2024,2024-09-21T00:00:00+00:00
90000341,383694,€ 383.694 k.k.,funda,asking_price,16 februari 2024,2024-02-16T00:00:00+00:00
90000341,373694,€ 373.694 k.k.,funda,asking_price,24 maart 2024,2024-03-24T00:00:00+00:00
90000341,353694,€ 353.694 k.k.,funda,asking_price,24 mei 2024,2024-05-24T00:00:00+00:00
90000342,318409,€ 318.409 k.k.,funda,asking_price,28 december 2024,2024-12-28T00:00:00+00:00
90000342,298409,€ 298.409 k.k.,funda,asking_price,14 mei 2024,2024-05-14T00:00:00+00:00
90000343,438348,€ 438.348 k.k.,funda,asking_price,17 april 2024,2024-04-17T00:00:00+00:00
90000343,408348,€ 408.348 k.k.,funda,asking_price,28 februari 2024,2024-02-28T00:00:00+00:00
90000343,398348,€ 398.348 k.k.,funda,asking_price,13 november 2024,2024-11-13T00:00:00+00:00
90000344,351009,€ 351.009 k.k.,funda,asking_price,15 oktober 2024,2024-10-15T00:00:00+00:00
90000344,311009,€ 311.009 k.k.,funda,asking_price,11 maart 2024,2024-03-11T00:00:00+00:00
90000345,361353,€ 361.353 k.k.,funda,asking_price,7 mei 2024,2024-05-07T00:00:00+00:00
90000345,331353,€ 331.353 k.k.,funda,asking_price,19 maart 2024,2024-03-19T00:00:00+00:00
90000345,321353,€ 321.353 k.k.,funda,asking_price,16 maart 2024,2024-03-16T00:00:00+00:00
90000346,397466,€ 397.466 k.k.,funda,asking_price,18 januari 2024,2024-01-18T00:00:00+00:00
90000346,387466,€ 387.466 k.k.,funda,asking_price,24 april 2024,2024-04-24T00:00:00+00:00
90000347,344958,€ 344.958 k.k.,funda,asking_price,23 april 2024,2024-04-23T00:00:00+00:00
90000347,334958,€ 334.958 k.k.,funda,asking_price,10 juni 2024,2024-06-10T00:00:00+00:00
90000347,324958,€ 324.958 k.k.,funda,asking_price,4 maart 2024,2024-03-04T00:00:00+00:00
90000348,520965,€ 520.965 k.k.,funda,asking_price,24 augustus 2024,2024-08-24T00:00:00+00:00
90000348,490965,€ 490.965 k.k.,funda,asking_price,20 september 2024,2024-09-20T00:00:00+00:00
90000349,403497,€ 403.497 k.k.,funda,asking_price,26 maart 2024,2024-03-26T00:00:00+00:00
90000350,330362,€ 330.362 k.k.,funda,asking_price,17 oktober 2024,2024-10-17T00:00:00+00:00
90000351,408354,€ 408.354 k.k.,funda,asking_price,2 oktober 2024,2024-10-02T00:00:00+00:00
90000351,398354,€ 398.354 k.k.,funda,asking_price,4 november 2024,2024-11-04T00:00:00+00:00
90000352,372399,€ 372.399 k.k.,funda,asking_price,5 december 2024,2024-12-05T00:00:00+00:00
90000352,332399,€ 332.399 k.k.,funda,asking_price,23 april 2024,2024-04-23T00:00:00+00:00
90000353,410772,€ 410.772 k.k.,funda,asking_price,17 februari 2024,2024-02-17T00:00:00+00:00
90000353,390772,€ 390.772 k.k.,funda,asking_price,20 december 2024,2024-12-20T00:00:00+00:00
90000353,370772,€ 370.772 k.k.,funda,asking_price,10 februari 2024,2024-02-10T00:00:00+00:00
90000354,382363,€ 382.363 k.k.,funda,asking_price,14 december 2024,2024-12-14T00:00:00+00:00
90000354,372363,€ 372.363 k.k.,funda,asking_price,6 mei 2024,2024-05-06T00:00:00+00:00
90000354,352363,€ 352.363 k.k.,funda,asking_price,18 januari 2024,2024-01-18T00:00:00+00:00
90000355,386665,€ 386.665 k.k.,funda,asking_price,22 januari 2024,2024-01-22T00:00:00+00:00
90000356,429526,€ 429.526 k.k.,funda,asking_price,3 september 2024,2024-09-03T00:00:00+00:00
90000357,387600,€ 387.600 k.k.,funda,asking_price,27 februari 2024,2024-02-27T00:00:00+00:00
90000357,377600,€ 377.600 k.k.,funda,asking_price,28 maart 2024,2024-03-28T00:00:00+00:00
90000358,401974,€ 401.974 k.k.,funda,asking_price,21 november 2024,2024-11-21T00:00:00+00:00
90000358,391974,€ 391.974 k.k.,funda,asking_price,11 maart 2024,2024-03-11T00:00:00+00:00
90000358,381974,€ 381.974 k.k.,funda,asking_price,15 juni 2024,2024-06-15T00:00:00+00:00
90000359,387938,€ 387.938 k.k.,funda,asking_price,9 augustus 2024,2024-08-09T00:00:00+00:00
90000359,347938,€ 347.938 k.k.,funda,asking_price,23 juli 2024,2024-07-23T00:00:00+00:00
90000360,349637,€ 349.637 k.k.,funda,asking_price,14 februari 2024,2024-02-14T00:00:00+00:00
90000360,339637,€ 339.637 k.k.,funda,asking_price,16 oktober 2024,2024-10-16T00:00:00+00:00
90000360,329637,€ 329.637 k.k.,funda,asking_price,22 oktober 2024,2024-10-22T00:00:00+00:00
90000361,347554,€ 347.554 k.k.,funda,asking_price,4 augustus 2024,2024-08-04T00:00:00+00:00
90000361,327554,€ 327.554 k.k.,funda,asking_price,15 juli 2024,2024-07-15T00:00:00+00:00
90000361,307554,€ 307.554 k.k.,funda,asking_price,3 januari 2024,2024-01-03T00:00:00+00:00
90000362,467577,€ 467.577 k.k.,funda,asking_price,17 september 2024,2024-09-17T00:00:00+00:00
90000362,457577,€ 457.577 k.k.,funda,asking_price,23 december 2024,2024-12-23T00:00:00+00:00
90000362,437577,€ 437.577 k.k.,funda,asking_price,4 oktober 2024,2024-10-04T00:00:00+00:00
90000363,513987,€ 513.987 k.k.,funda,asking_price,20 september 2024,2024-09-20T00:00:00+00:00
90000363,493987,€ 493.987 k.k.,funda,asking_price,1 januari 2024,2024-01-01T00:00:00+00:00
90000363,473987,€ 473.987 k.k.,funda,asking_price,6 november 2024,2024-11-06T00:00:00+00:00
90000364,339625,€ 339.625 k.k.,funda,asking_price,9 juni 2024,2024-06-09T00:00:00+00:00
90000364,319625,€ 319.625 k.k.,funda,asking_price,17 januari 2024,2024-01-17T00:00:00+00:00
90000365,360664,€ 360.664 k.k.,funda,asking_price,28 februari 2024,2024-02-28T00:00:00+00:00
90000365,320664,€ 320.664 k.k.,funda,asking_price,15 augustus 2024,2024-08-15T00:00:00+00:00
90000366,336907,€ 336.907 k.k.,funda,asking_price,18 september 2024,2024-09-18T00:00:00+00:00
90000366,326907,€ 326.907 k.k.,funda,asking_price,27 januari 2024,2024-01-27T00:00:00+00:00
90000367,419848,€ 419.848 k.k.,funda,asking_price,12 juni 2024,2024-06-12T00:00:00+00:00
90000367,399848,€ 399.848 k.k.,funda,asking_price,27 januari 2024,2024-01-27T00:00:00+00:00
90000367,379848,€ 379.848 k.k.,funda,asking_price,28 april 2024,2024-04-28T00:00:00+00:00
90000368,527867,€ 527.867 k.k.,funda,asking_price,4 februari 2024,2024-02-04T00:00:00+00:00
90000368,487867,€ 487.867 k.k.,funda,asking_price,8 november 2024,2024-11-08T00:00:00+00:00
90000369,453573,€ 453.573 k.k.,funda,asking_price,6 januari 2024,2024-01-06T00:00:00+00:00
90000369,443573,€ 443.573 k.k.,funda,asking_price,5 augustus 2024,2024-08-05T00:00:00+00:00
90000370,523397,€ 523.397 k.k.,funda,asking_price,27 augustus 2024,2024-08-27T00:00:00+00:00
90000371,352189,€ 352.189 k.k.,funda,asking_price,22 augustus 2024,2024-08-22T00:00:00+00:00
90000371,322189,€ 322.189 k.k.,funda,asking_price,17 oktober 2024,2024-10-17T00:00:00+00:00
90000371,312189,€ 312.189 k.k.,funda,asking_price,16 maart 2024,2024-03-16T00:00:00+00:00
90000372,539890,€ 539.890 k.k.,funda,asking_price,19 december 2024,2024-12-19T00:00:00+00:00
90000372,519890,€ 519.890 k.k.,funda,asking_price,24 maart 2024,2024-03-24T00:00:00+00:00
90000373,452149,€ 452.149 k.k.,funda,asking_price,13 mei 2024,2024-05-13T00:00:00+00:00
90000373,432149,€ 432.149 k.k.,funda,asking_price,10 juni 2024,2024-06-10T00:00:00+00:00
90000374,513504,€ 513.504 k.k.,funda,asking_price,7 april 2024,2024-04-07T00:00:00+00:00
90000374,503504,€ 503.504 k.k.,funda,asking_price,23 oktober 2024,2024-10-23T00:00:00+00:00
90000374,483504,€ 483.504 k.k.,funda,asking_price,22 mei 2024,2024-05-22T00:00:00+00:00
90000375,500416,€ 500.416 k.k.,funda,asking_price,18 juni 2024,2024-06-18T00:00:00+00:00
90000375,480416,€ 480.416 k.k.,funda,asking_price,19 augustus 2024,2024-08-19T00:00:00+00:00
90000375,470416,€ 470.416 k.k.,funda,asking_price,22 oktober 2024,2024-10-22T00:00:00+00:00
90000376,374954,€ 374.954 k.k.,funda,asking_price,4 september 2024,2024-09-04T00:00:00+00:00
90000377,399986,€ 399.986 k.k.,funda,asking_price,27 maart 2024,2024-03-27T00:00:00+00:00
90000377,369986,€ 369.986 k.k.,funda,asking_price,23 januari 2024,2024-01-23T00:00:00+00:00
90000378,366864,€ 366.864 k.k.,funda,asking_price,17 april 2024,2024-04-17T00:00:00+00:00
90000378,346864,€ 346.864 k.k.,funda,asking_price,10 december 2024,2024-12-10T00:00:00+00:00
90000378,326864,€ 326.864 k.k.,funda,asking_price,22 december 2024,2024-12-22T00:00:00+00:00
90000379,381960,€ 381.960 k.k.,funda,asking_price,24 januari 2024,2024-01-24T00:00:00+00:00
90000380,547575,€ 547.575 k.k.,funda,asking_price,7 december 2024,2024-12-07T00:00:00+00:00
90000380,537575,€ 537.575 k.k.,funda,asking_price,15 mei 2024,2024-05-15T00:00:00+00:00
90000380,517575,€ 517.575 k.k.,funda,asking_price,22 maart 2024,2024-03-22T00:00:00+00:00
90000381,428880,€ 428.880 k.k.,funda,asking_price,9 september 2024,2024-09-09T00:00:00+00:00
90000381,398880,€ 398.880 k.k.,funda,asking_price,6 maart 2024,2024-03-06T00:00:00+00:00
90000382,320470,€ 320.470 k.k.,funda,asking_price,20 november 2024,2024-11-20T00:00:00+00:00
90000382,310470,€ 310.470 k.k.,funda,asking_price,10 november 2024,2024-11-10T00:00:00+00:00
90000383,525529,€ 525.529 k.k.,funda,asking_price,17 maart 2024,2024-03-17T00:00:00+00:00
90000383,505529,€ 505.529 k.k.,funda,asking_price,26 februari 2024,2024-02-26T00:00:00+00:00
90000384,391593,€ 391.593 k.k.,funda,asking_price,11 november 2024,2024-11-11T00:00:00+00:00
90000385,469067,€ 469.067 k.k.,funda,asking_price,8 augustus 2024,2024-08-08T00:00:00+00:00
90000385,449067,€ 449.067 k.k.,funda,asking_price,20 november 2024,2024-11-20T00:00:00+00:00
90000385,439067,€ 439.067 k.k.,funda,asking_price,8 oktober 2024,2024-10-08T00:00:00+00:00
90000386,431155,€ 431.155 k.k.,funda,asking_price,27 september 2024,2024-09-27T00:00:00+00:00
90000386,411155,€ 411.155 k.k.,funda,asking_price,17 juni 2024,2024-06-17T00:00:00+00:00
90000386,401155,€ 401.155 k.k.,funda,asking_price,15 september 2024,2024-09-15T00:00:00+00:00
90000387,321586,€ 321.586 k.k.,funda,asking_price,18 september 2024,2024-09-18T00:00:00+00:00
90000388,542789,€ 542.789 k.k.,funda,asking_price,18 april 2024,2024-04-18T00:00:00+00:00
90000388,512789,€ 512.789 k.k.,funda,asking_price,24 december 2024,2024-12-24T00:00:00+00:00
90000388,502789,€ 502.789 k.k.,funda,asking_price,21 juli 2024,2024-07-21T00:00:00+00:00
90000389,487922,€ 487.922 k.k.,funda,asking_price,3 februari 2024,2024-02-03T00:00:00+00:00
90000390,555382,€ 555.382 k.k.,funda,asking_price,15 juli 2024,2024-07-15T00:00:00+00:00
90000390,515382,€ 515.382 k.k.,funda,asking_price,13 november 2024,2024-11-13T00:00:00+00:00
90000391,331546,€ 331.546 k.k.,funda,asking_price,4 september 2024,2024-09-04T00:00:00+00:00
90000391,311546,€ 311.546 k.k.,funda,asking_price,26 mei 2024,2024-05-26T00:00:00+00:00
90000391,301546,€ 301.546 k.k.,funda,asking_price,10 november 2024,2024-11-10T00:00:00+00:00
90000392,308079,€ 308.079 k.k.,funda,asking_price,8 september 2024,2024-09-08T00:00:00+00:00
90000393,377326,€ 377.326 k.k.,funda,asking_price,22 mei 2024,2024-05-22T00:00:00+00:00
90000394,337060,€ 337.060 k.k.,funda,asking_price,19 januari 2024,2024-01-19T00:00:00+00:00
90000395,385064,€ 385.064 k.k.,funda,asking_price,21 juli 2024,2024-07-21T00:00:00+00:00
90000395,375064,€ 375.064 k.k.,funda,asking_price,5 september 2024,2024-09-05T00:00:00+00:00
90000395,355064,€ 355.064 k.k.,funda,asking_price,6 maart 2024,2024-03-06T00:00:00+00:00
90000396,387541,€ 387.541 k.k.,funda,asking_price,18 november 2024,2024-11-18T00:00:00+00:00
90000396,357541,€ 357.541 k.k.,funda,asking_price,10 februari 2024,2024-02-10T00:00:00+00:00
90000396,347541,€ 347.541 k.k.,funda,asking_price,3 november 2024,2024-11-03T00:00:00+00:00
90000397,413621,€ 413.621 k.k.,funda,asking_price,20 mei 2024,2024-05-20T00:00:00+00:00
90000397,403621,€ 403.621 k.k.,funda,asking_price,7 februari 2024,2024-02-07T00:00:00+00:00
90000397,393621,€ 393.621 k.k.,funda,asking_price,16 juni 2024,2024-06-16T00:00:00+00:00
90000398,379949,€ 379.949 k.k.,funda,asking_price,1 maart 2024,2024-03-01T00:00:00+00:00
90000398,369949,€ 369.949 k.k.,funda,asking_price,8 juni 2024,2024-06-08T00:00:00+00:00
90000398,339949,€ 339.949 k.k.,funda,asking_price,23 april 2024,2024-04-23T00:00:00+00:00
90000399,426917,€ 426.917 k.k.,funda,asking_price,25 juni 2024,2024-06-25T00:00:00+00:00
90000399,386917,€ 386.917 k.k.,funda,asking_price,16 mei 2024,2024-05-16T00:00:00+00:00
90000400,546647,€ 546.647 k.k.,funda,asking_price,21 december 2024,2024-12-21T00:00:00+00:00
90000400,536647,€ 536.647 k.k.,funda,asking_price,24 februari 2024,2024-02-24T00:00:00+00:00
90000400,516647,€ 516.647 k.k.,funda,asking_price,1 februari 2024,2024-02-01T00:00:00+00:00
90000401,371203,€ 371.203 k.k.,funda,asking_price,18 januari 2024,2024-01-18T00:00:00+00:00
90000402,476418,€ 476.418 k.k.,funda,asking_price,25 april 2024,2024-04-25T00:00:00+00:00
90000402,436418,€ 436.418 k.k.,funda,asking_price,24 oktober 2024,2024-10-24T00:00:00+00:00
90000403,360385,€ 360.385 k.k.,funda,asking_price,8 november 2024,2024-11-08T00:00:00+00:00
90000404,351961,€ 351.961 k.k.,funda,asking_price,2 juni 2024,2024-06-02T00:00:00+00:00
90000404,331961,€ 331.961 k.k.,funda,asking_price,25 april 2024,2024-04-25T00:00:00+00:00
90000404,311961,€ 311.961 k.k.,funda,asking_price,8 augustus 2024,2024-08-08T00:00:00+00:00
90000405,440760,€ 440.760 k.k.,funda,asking_price,2 augustus 2024,2024-08-02T00:00:00+00:00
90000405,400760,€ 400.760 k.k.,funda,asking_price,21 januari 2024,2024-01-21T00:00:00+00:00
90000406,503856,€ 503.856 k.k.,funda,asking_price,21 juli 2024,2024-07-21T00:00:00+00:00
90000406,483856,€ 483.856 k.k.,funda,asking_price,12 juli 2024,2024-07-12T00:00:00+00:00
90000407,430363,€ 430.363 k.k.,funda,asking_price,26 augustus 2024,2024-08-26T00:00:00+00:00
90000407,400363,€ 400.363 k.k.,funda,asking_price,20 augustus 2024,2024-08-20T00:00:00+00:00
90000408,355290,€ 355.290 k.k.,funda,asking_price,6 maart 2024,2024-03-06T00:00:00+00:00
90000408,345290,€ 345.290 k.k.,funda,asking_price,12 maart 2024,2024-03-12T00:00:00+00:00
90000408,325290,€ 325.290 k.k.,funda,asking_price,23 oktober 2024,2024-10-23T00:00:00+00:00
90000409,493810,€ 493.810 k.k.,funda,asking_price,7 augustus 2024,2024-08-07T00:00:00+00:00
90000409,453810,€ 453.810 k.k.,funda,asking_price,6 oktober 2024,2024-10-06T00:00:00+00:00
90000410,327239,€ 327.239 k.k.,funda,asking_price,6 januari 2024,2024-01-06T00:00:00+00:00
90000410,317239,€ 317.239 k.k.,funda,asking_price,6 mei 2024,2024-05-06T00:00:00+00:00
90000410,307239,€ 307.239 k.k.,funda,asking_price,13 september 2024,2024-09-13T00:00:00+00:00
90000411,327478,€ 327.478 k.k.,funda,asking_price,6 augustus 2024,2024-08-06T00:00:00+00:00
90000411,287478,€ 287.478 k.k.,funda,asking_price,27 april 2024,2024-04-27T00:00:00+00:00
90000412,458371,€ 458.371 k.k.,funda,asking_price,22 december 2024,2024-12-22T00:00:00+00:00
90000412,448371,€ 448.371 k.k.,funda,asking_price,15 juni 2024,2024-06-15T00:00:00+00:00
90000412,428371,€ 428.371 k.k.,funda,asking_price,19 oktober 2024,2024-10-19T00:00:00+00:00
90000413,358044,€ 358.044 k.k.,funda,asking_price,4 oktober 2024,2024-10-04T00:00:00+00:00
90000413,338044,€ 338.044 k.k.,funda,asking_price,16 maart 2024,2024-03-16T00:00:00+00:00
90000413,318044,€ 318.044 k.k.,funda,asking_price,20 oktober 2024,2024-10-20T00:00:00+00:00
90000414,309429,€ 309.429 k.k.,funda,asking_price,21 november 2024,2024-11-21T00:00:00+00:00
90000414,299429,€ 299.429 k.k.,funda,asking_price,17 juli 2024,2024-07-17T00:00:00+00:00
90000414,289429,€ 289.429 k.k.,funda,asking_price,12 juli 2024,2024-07-12T00:00:00+00:00
90000415,481977,€ 481.977 k.k.,funda,asking_price,5 juli 2024,2024-07-05T00:00:00+00:00
90000415,471977,€ 471.977 k.k.,funda,asking_price,16 mei 2024,2024-05-16T00:00:00+00:00
90000416,427535,€ 427.535 k.k.,funda,asking_price,23 januari 2024,2024-01-23T00:00:00+00:00
90000416,407535,€ 407.535 k.k.,funda,asking_price,26 december 2024,2024-12-26T00:00:00+00:00
90000417,363311,€ 363.311 k.k.,funda,asking_price,26 december 2024,2024-12-26T00:00:00+00:00
90000418,458451,€ 458.451 k.k.,funda,asking_price,12 oktober 2024,2024-10-12T00:00:00+00:00
90000418,418451,€ 418.451 k.k.,funda,asking_price,9 oktober 2024,2024-10-09T00:00:00+00:00
90000419,431476,€ 431.476 k.k.,funda,asking_price,10 mei 2024,2024-05-10T00:00:00+00:00
90000419,391476,€ 391.476 k.k.,funda,asking_price,12 oktober 2024,2024-10-12T00:00:00+00:00
90000420,296217,€ 296.217 k.k.,funda,asking_price,26 augustus 2024,2024-08-26T00:00:00+00:00
90000421,494939,€ 494.939 k.k.,funda,asking_price,21 juli 2024,2024-07-21T00:00:00+00:00
90000421,484939,€ 484.939 k.k.,funda,asking_price,26 januari 2024,2024-01-26T00:00:00+00:00
90000421,474939,€ 474.939 k.k.,funda,asking_price,27 februari 2024,2024-02-27T00:00:00+00:00
90000422,343967,€ 343.967 k.k.,funda,asking_price,2 oktober 2024,2024-10-02T00:00:00+00:00
90000422,333967,€ 333.967 k.k.,funda,asking_price,13 december 2024,2024-12-13T00:00:00+00:00
90000423,421623,€ 421.623 k.k.,funda,asking_price,16 november 2024,2024-11-16T00:00:00+00:00
90000424,339974,€ 339.974 k.k.,funda,asking_price,17 oktober 2024,2024-10-17T00:00:00+00:00
90000425,274453,€ 274.453 k.k.,funda,asking_price,1 november 2024,2024-11-01T00:00:00+00:00
90000426,460547,€ 460.547 k.k.,funda,asking_price,1 september 2024,2024-09-01T00:00:00+00:00
90000426,440547,€ 440.547 k.k.,funda,asking_price,23 december 2024,2024-12-23T00:00:00+00:00
90000427,512517,€ 512.517 k.k.,funda,asking_price,7 oktober 2024,2024-10-07T00:00:00+00:00
90000427,502517,€ 502.517 k.k.,funda,asking_price,13 augustus 2024,2024-08-13T00:00:00+00:00
90000427,482517,€ 482.517 k.k.,funda,asking_price,1 oktober 2024,2024-10-01T00:00:00+00:00
90000428,406902,€ 406.902 k.k.,funda,asking_price,9 september 2024,2024-09-09T00:00:00+00:00
90000428,396902,€ 396.902 k.k.,funda,asking_price,27 september 2024,2024-09-27T00:00:00+00:00
90000429,431780,€ 431.780 k.k.,funda,asking_price,15 november 2024,2024-11-15T00:00:00+00:00
90000429,391780,€ 391.780 k.k.,funda,asking_price,28 oktober 2024,2024-10-28T00:00:00+00:00
90000430,501741,€ 501.741 k.k.,funda,asking_price,12 juli 2024,2024-07-12T00:00:00+00:00
90000430,491741,€ 491.741 k.k.,funda,asking_price,18 september 2024,2024-09-18T00:00:00+00:00
90000430,471741,€ 471.741 k.k.,funda,asking_price,23 januari 2024,2024-01-23T00:00:00+00:00
90000431,480239,€ 480.239 k.k.,funda,asking_price,6 september 2024,2024-09-06T00:00:00+00:00
90000432,352915,€ 352.915 k.k.,funda,asking_price,7 december 2024,2024-12-07T00:00:00+00:00
90000432,332915,€ 332.915 k.k.,funda,asking_price,24 april 2024,2024-04-24T00:00:00+00:00
90000432,312915,€ 312.915 k.k.,funda,asking_price,28 april 2024,2024-04-28T00:00:00+00:00
90000433,358330,€ 358.330 k.k.,funda,asking_price,3 februari 2024,2024-02-03T00:00:00+00:00
90000434,306079,€ 306.079 k.k.,funda,asking_price,19 augustus 2024,2024-08-19T00:00:00+00:00
90000434,276079,€ 276.079 k.k.,funda,asking_price,16 mei 2024,2024-05-16T00:00:00+00:00
90000435,389301,€ 389.301 k.k.,funda,asking_price,26 september 2024,2024-09-26T00:00:00+00:00
90000435,379301,€ 379.301 k.k.,funda,asking_price,16 juli 2024,2024-07-16T00:00:00+00:00
90000435,369301,€ 369.301 k.k.,funda,asking_price,2 september 2024,2024-09-02T00:00:00+00:00
90000436,424851,€ 424.851 k.k.,funda,asking_price,1 december 2024,2024-12-01T00:00:00+00:00
90000436,414851,€ 414.851 k.k.,funda,asking_price,22 januari 2024,2024-01-22T00:00:00+00:00
90000436,384851,€ 384.851 k.k.,funda,asking_price,13 april 2024,2024-04-13T00:00:00+00:00
90000437,408802,€ 408.802 k.k.,funda,asking_price,16 mei 2024,2024-05-16T00:00:00+00:00
90000438,488687,€ 488.687 k.k.,funda,asking_price,15 mei 2024,2024-05-15T00:00:00+00:00
90000438,448687,€ 448.687 k.k.,funda,asking_price,19 maart 2024,2024-03-19T00:00:00+00:00
90000439,453957,€ 453.957 k.k.,funda,asking_price,14 september 2024,2024-09-14T00:00:00+00:00
90000440,388990,€ 388.990 k.k.,funda,asking_price,16 juli 2024,2024-07-16T00:00:00+00:00
90000441,444980,€ 444.980 k.k.,funda,asking_price,9 mei 2024,2024-05-09T00:00:00+00:00
90000441,404980,€ 404.980 k.k.,funda,asking_price,28 september 2024,2024-09-28T00:00:00+00:00
90000442,488337,€ 488.337 k.k.,funda,asking_price,24 augustus 2024,2024-08-24T00:00:00+00:00
90000442,478337,€ 478.337 k.k.,funda,asking_price,9 juni 2024,2024-06-09T00:00:00+00:00
90000443,365214,€ 365.214 k.k.,funda,asking_price,28 juni 2024,2024-06-28T00:00:00+00:00
90000443,355214,€ 355.214 k.k.,funda,asking_price,20 november 2024,2024-11-20T00:00:00+00:00
90000444,340754,€ 340.754 k.k.,funda,asking_price,17 november 2024,2024-11-17T00:00:00+00:00
90000444,310754,€ 310.754 k.k.,funda,asking_price,25 augustus 2024,2024-08-25T00:00:00+00:00
90000445,386569,€ 386.569 k.k.,funda,asking_price,21 maart 2024,2024-03-21T00:00:00+00:00
90000446,305738,€ 305.738 k.k.,funda,asking_price,11 juni 2024,2024-06-11T00:00:00+00:00
90000446,285738,€ 285.738 k.k.,funda,asking_price,10 november 2024,2024-11-10T00:00:00+00:00
90000447,509727,€ 509.727 k.k.,funda,asking_price,28 maart 2024,2024-03-28T00:00:00+00:00
90000447,489727,€ 489.727 k.k.,funda,asking_price,5 januari 2024,2024-01-05T00:00:00+00:00
90000447,469727,€ 469.727 k.k.,funda,asking_price,8 december 2024,2024-12-08T00:00:00+00:00
90000448,330200,€ 330.200 k.k.,funda,asking_price,3 februari 2024,2024-02-03T00:00:00+00:00
90000448,320200,€ 320.200 k.k.,funda,asking_price,18 augustus 2024,2024-08-18T00:00:00+00:00
90000449,312244,€ 312.244 k.k.,funda,asking_price,13 november 2024,2024-11-13T00:00:00+00:00
90000449,302244,€ 302.244 k.k.,funda,asking_price,8 mei 2024,2024-05-08T00:00:00+00:00
90000449,292244,€ 292.244 k.k.,funda,asking_price,24 april 2024,2024-04-24T00:00:00+00:00
90000450,312489,€ 312.489 k.k.,funda,asking_price,28 augustus 2024,2024-08-28T00:00:00+00:00
90000450,302489,€ 302.489 k.k.,funda,asking_price,9 september 2024,2024-09-09T00:00:00+00:00
90000450,272489,€ 272.489 k.k.,funda,asking_price,15 september 2024,2024-09-15T00:00:00+00:00
90000451,509882,€ 509.882 k.k.,funda,asking_price,21 september 2024,2024-09-21T00:00:00+00:00
90000451,469882,€ 469.882 k.k.,funda,asking_price,18 november 2024,2024-11-18T00:00:00+00:00
90000452,555949,€ 555.949 k.k.,funda,asking_price,14 juni 2024,2024-06-14T00:00:00+00:00
90000452,525949,€ 525.949 k.k.,funda,asking_price,5 mei 2024,2024-05-05T00:00:00+00:00
90000453,415147,€ 415.147 k.k.,funda,asking_price,16 december 2024,2024-12-16T00:00:00+00:00
90000453,405147,€ 405.147 k.k.,funda,asking_price,10 augustus 2024,2024-08-10T00:00:00+00:00
90000454,405611,€ 405.611 k.k.,funda,asking_price,18 juli 2024,2024-07-18T00:00:00+00:00
90000454,395611,€ 395.611 k.k.,funda,asking_price,13 juli 2024,2024-07-13T00:00:00+00:00
90000454,375611,€ 375.611 k.k.,funda,asking_price,6 april 2024,2024-04-06T00:00:00+00:00
90000455,425687,€ 425.687 k.k.,funda,asking_price,25 september 2024,2024-09-25T00:00:00+00:00
90000456,423240,€ 423.240 k.k.,funda,asking_price,5 maart 2024,2024-03-05T00:00:00+00:00
90000457,518624,€ 518.624 k.k.,funda,asking_price,1 juni 2024,2024-06-01T00:00:00+00:00
90000457,498624,€ 498.624 k.k.,funda,asking_price,2 maart 2024,2024-03-02T00:00:00+00:00
90000458,522484,€ 522.484 k.k.,funda,asking_price,5 februari 2024,2024-02-05T00:00:00+00:00
90000458,512484,€ 512.484 k.k.,funda,asking_price,16 januari 2024,2024-01-16T00:00:00+00:00
90000458,502484,€ 502.484 k.k.,funda,asking_price,11 april 2024,2024-04-11T00:00:00+00:00
90000459,436552,€ 436.552 k.k.,funda,asking_price,3 juni 2024,2024-06-03T00:00:00+00:00
90000460,438246,€ 438.246 k.k.,funda,asking_price,27 mei 2024,2024-05-27T00:00:00+00:00
90000461,400263,€ 400.263 k.k.,funda,asking_price,2 december 2024,2024-12-02T00:00:00+00:00
90000461,380263,€ 380.263 k.k.,funda,asking_price,15 april 2024,2024-04-15T00:00:00+00:00
90000462,447006,€ 447.006 k.k.,funda,asking_price,21 maart 2024,2024-03-21T00:00:00+00:00
90000462,417006,€ 417.006 k.k.,funda,asking_price,2 december 2024,2024-12-02T00:00:00+00:00
90000463,429483,€ 429.483 k.k.,funda,asking_price,21 april 2024,2024-04-21T00:00:00+00:00
90000463,419483,€ 419.483 k.k.,funda,asking_price,11 juli 2024,2024-07-11T00:00:00+00:00
90000463,409483,€ 409.483 k.k.,funda,asking_price,6 januari 2024,2024-01-06T00:00:00+00:00
90000464,357340,€ 357.340 k.k.,funda,asking_price,25 juni 2024,2024-06-25T00:00:00+00:00
90000464,337340,€ 337.340 k.k.,funda,asking_price,8 februari 2024,2024-02-08T00:00:00+00:00
90000464,317340,€ 317.340 k.k.,funda,asking_price,16 maart 2024,2024-03-16T00:00:00+00:00
90000465,350742,€ 350.742 k.k.,funda,asking_price,18 december 2024,2024-12-18T00:00:00+00:00
90000465,330742,€ 330.742 k.k.,funda,asking_price,5 februari 2024,2024-02-05T00:00:00+00:00
90000466,546163,€ 546.163 k.k.,funda,asking_price,13 december 2024,2024-12-13T00:00:00+00:00
90000466,536163,€ 536.163 k.k.,funda,asking_price,24 juni 2024,2024-06-24T00:00:00+00:00
90000466,526163,€ 526.163 k.k.,funda,asking_price,9 maart 2024,2024-03-09T00:00:00+00:00
90000467,497724,€ 497.724 k.k.,funda,asking_price,6 oktober 2024,2024-10-06T00:00:00+00:00
90000468,460364,€ 460.364 k.k.,funda,asking_price,5 september 2024,2024-09-05T00:00:00+00:00
90000469,355188,€ 355.188 k.k.,funda,asking_price,20 januari 2024,2024-01-20T00:00:00+00:00
90000469,335188,€ 335.188 k.k.,funda,asking_price,25 juni 2024,2024-06-25T00:00:00+00:00
90000469,315188,€ 315.188 k.k.,funda,asking_price,8 oktober 2024,2024-10-08T00:00:00+00:00
90000470,529708,€ 529.708 k.k.,funda,asking_price,22 september 2024,2024-09-22T00:00:00+00:00
90000471,429567,€ 429.567 k.k.,funda,asking_price,17 februari 2024,2024-02-17T00:00:00+00:00
90000471,409567,€ 409.567 k.k.,funda,asking_price,3 november 2024,2024-11-03T00:00:00+00:00
90000471,399567,€ 399.567 k.k.,funda,asking_price,27 januari 2024,2024-01-27T00:00:00+00:00
90000472,365231,€ 365.231 k.k.,funda,asking_price,21 oktober 2024,2024-10-21T00:00:00+00:00
90000473,469743,€ 469.743 k.k.,funda,asking_price,8 juni 2024,2024-06-08T00:00:00+00:00
90000474,437698,€ 437.698 k.k.,funda,asking_price,18 juni 2024,2024-06-18T00:00:00+00:00
90000475,540913,€ 540.913 k.k.,funda,asking_price,3 december 2024,2024-12-03T00:00:00+00:00
90000475,530913,€ 530.913 k.k.,funda,asking_price,3 mei 2024,2024-05-03T00:00:00+00:00
90000476,395559,€ 395.559 k.k.,funda,asking_price,17 april 2024,2024-04-17T00:00:00+00:00
90000476,375559,€ 375.559 k.k.,funda,asking_price,8 november 2024,2024-11-08T00:00:00+00:00
90000477,382659,€ 382.659 k.k.,funda,asking_price,22 december 2024,2024-12-22T00:00:00+00:00
90000477,372659,€ 372.659 k.k.,funda,asking_price,4 juli 2024,2024-07-04T00:00:00+00:00
90000477,342659,€ 342.659 k.k.,funda,asking_price,26 maart 2024,2024-03-26T00:00:00+00:00
90000478,396465,€ 396.465 k.k.,funda,asking_price,18 juni 2024,2024-06-18T00:00:00+00:00
90000478,386465,€ 386.465 k.k.,funda,asking_price,28 juni 2024,2024-06-28T00:00:00+00:00
90000478,356465,€ 356.465 k.k.,funda,asking_price,14 juni 2024,2024-06-14T00:00:00+00:00
90000479,462625,€ 462.625 k.k.,funda,asking_price,25 juli 2024,2024-07-25T00:00:00+00:00
90000480,315051,€ 315.051 k.k.,funda,asking_price,20 mei 2024,2024-05-20T00:00:00+00:00
90000481,316721,€ 316.721 k.k.,funda,asking_price,28 april 2024,2024-04-28T00:00:00+00:00
90000482,480139,€ 480.139 k.k.,funda,asking_price,15 januari 2024,2024-01-15T00:00:00+00:00
90000482,470139,€ 470.139 k.k.,funda,asking_price,5 juni 2024,2024-06-05T00:00:00+00:00
90000482,460139,€ 460.139 k.k.,funda,asking_price,9 maart 2024,2024-03-09T00:00:00+00:00
90000483,527618,€ 527.618 k.k.,funda,asking_price,13 oktober 2024,2024-10-13T00:00:00+00:00
90000484,390325,€ 390.325 k.k.,funda,asking_price,24 januari 2024,2024-01-24T00:00:00+00:00
90000484,370325,€ 370.325 k.k.,funda,asking_price,13 oktober 2024,2024-10-13T00:00:00+00:00
90000484,360325,€ 360.325 k.k.,funda,asking_price,25 februari 2024,2024-02-25T00:00:00+00:00
90000485,424188,€ 424.188 k.k.,funda,asking_price,21 december 2024,2024-12-21T00:00:00+00:00
90000486,394897,€ 394.897 k.k.,funda,asking_price,18 juni 2024,2024-06-18T00:00:00+00:00
90000487,531589,€ 531.589 k.k.,funda,asking_price,19 oktober 2024,2024-10-19T00:00:00+00:00
90000487,491589,€ 491.589 k.k.,funda,asking_price,3 september 2024,2024-09-03T00:00:00+00:00
90000488,413124,€ 413.124 k.k.,funda,asking_price,13 september 2024,2024-09-13T00:00:00+00:00
90000488,403124,€ 403.124 k.k.,funda,asking_price,3 mei 2024,2024-05-03T00:00:00+00:00
90000489,534762,€ 534.762 k.k.,funda,asking_price,13 augustus 2024,2024-08-13T00:00:00+00:00
90000489,514762,€ 514.762 k.k.,funda,asking_price,19 november 2024,2024-11-19T00:00:00+00:00
90000490,379551,€ 379.551 k.k.,funda,asking_price,25 mei 2024,2024-05-25T00:00:00+00:00
90000491,453418,€ 453.418 k.k.,funda,asking_price,11 april 2024,2024-04-11T00:00:00+00:00
90000491,423418,€ 423.418 k.k.,funda,asking_price,20 juni 2024,2024-06-20T00:00:00+00:00
90000492,516538,€ 516.538 k.k.,funda,asking_price,27 januari 2024,2024-01-27T00:00:00+00:00
90000492,496538,€ 496.538 k.k.,funda,asking_price,7 april 2024,2024-04-07T00:00:00+00:00
90000492,476538,€ 476.538 k.k.,funda,asking_price,12 november 2024,2024-11-12T00:00:00+00:00
90000493,508876,€ 508.876 k.k.,funda,asking_price,5 oktober 2024,2024-10-05T00:00:00+00:00
90000494,432980,€ 432.980 k.k.,funda,asking_price,7 juni 2024,2024-06-07T00:00:00+00:00
90000495,461622,€ 461.622 k.k.,funda,asking_price,19 juli 2024,2024-07-19T00:00:00+00:00
90000495,451622,€ 451.622 k.k.,funda,asking_price,17 november 2024,2024-11-17T00:00:00+00:00
90000495,441622,€ 441.622 k.k.,funda,asking_price,9 januari 2024,2024-01-09T00:00:00+00:00
90000496,396114,€ 396.114 k.k.,funda,asking_price,13 februari 2024,2024-02-13T00:00:00+00:00
90000496,386114,€ 386.114 k.k.,funda,asking_price,9 november 2024,2024-11-09T00:00:00+00:00
90000497,426324,€ 426.324 k.k.,funda,asking_price,16 juni 2024,2024-06-16T00:00:00+00:00
90000497,416324,€ 416.324 k.k.,funda,asking_price,18 oktober 2024,2024-10-18T00:00:00+00:00
90000498,501769,€ 501.769 k.k.,funda,asking_price,17 april 2024,2024-04-17T00:00:00+00:00
90000499,435906,€ 435.906 k.k.,funda,asking_price,10 november 2024,2024-11-10T00:00:00+00:00
90000499,405906,€ 405.906 k.k.,funda,asking_price,17 april 2024,2024-04-17T00:00:00+00:00
90000500,558610,€ 558.610 k.k.,funda,asking_price,11 maart 2024,2024-03-11T00:00:00+00:00
90000500,548610,€ 548.610 k.k.,funda,asking_price,22 juli 2024,2024-07-22T00:00:00+00:00
90000500,528610,€ 528.610 k.k.,funda,asking_price,3 maart 2024,2024-03-03T00:00:00+00:00
